This is pdfTeX, Version 3.141592653-2.6-1.40.28 (MiKTeX 25.12) (preloaded format=pdflatex 2026.6.9)  9 JUL 2026 15:38
entering extended mode
 restricted \write18 enabled.
 %&-line parsing enabled.
**./memostrack_thesis.tex
(memostrack_thesis.tex
LaTeX2e <2025-06-01> patch level 1
L3 programming layer <2025-07-20>
(fer.cls
Document Class: fer 2026/05/25 FER3
(C:\Users\User\AppData\Local\Programs\MiKTeX\tex/latex/base\report.cls
Document Class: report 2025/01/22 v1.4n Standard LaTeX document class
(C:\Users\User\AppData\Local\Programs\MiKTeX\tex/latex/base\size12.clo
File: size12.clo 2025/01/22 v1.4n Standard LaTeX file (size option)
)
\c@part=\count275
\c@chapter=\count276
\c@section=\count277
\c@subsection=\count278
\c@subsubsection=\count279
\c@paragraph=\count280
\c@subparagraph=\count281
\c@figure=\count282
\c@table=\count283
\abovecaptionskip=\skip49
\belowcaptionskip=\skip50
\bibindent=\dimen148
)
(C:\Program Files\MiKTeX\tex/generic/ltxcmds\ltxcmds.sty
Package: ltxcmds 2023-12-04 v1.26 LaTeX kernel commands for general use (HO)
)
(C:\Program Files\MiKTeX\tex/latex/letltxmacro\letltxmacro.sty
Package: letltxmacro 2019/12/03 v1.6 Let assignment for LaTeX macros (HO)
)
(C:\Users\User\AppData\Local\Programs\MiKTeX\tex/latex/etoolbox\etoolbox.sty
Package: etoolbox 2025/02/11 v2.5l e-TeX tools for LaTeX (JAW)
\etb@tempcnta=\count284
)
(C:\Users\User\AppData\Local\Programs\MiKTeX\tex/latex/base\fontenc.sty
Package: fontenc 2024/12/21 v2.1c Standard LaTeX package
)
(C:\Users\User\AppData\Local\Programs\MiKTeX\tex/latex/base\inputenc.sty
Package: inputenc 2024/02/08 v1.3d Input encoding file
\inpenc@prehook=\toks17
\inpenc@posthook=\toks18
)
(C:\Program Files\MiKTeX\tex/latex/opensans\opensans.sty
Package: opensans 2019/06/20 Style file for Open Sans.

(C:\Program Files\MiKTeX\tex/latex/fontaxes\fontaxes.sty
Package: fontaxes 2026-01-02 v2.0.2 Font selection axes (deprecated)
Applying: [2024-11-01] Use figureversions if present on input line 74.

(C:\Program Files\MiKTeX\tex/latex/figureversions\figureversions.sty
Package: figureversions 2025-04-29 v1.0.1 Figure versions
)
Already applied: [0000-00-00] Fall back to v1 on input line 76.
)
(C:\Users\User\AppData\Local\Programs\MiKTeX\tex/generic/iftex\ifluatex.sty
Package: ifluatex 2019/10/25 v1.5 ifluatex legacy package. Use iftex instead.

(C:\Users\User\AppData\Local\Programs\MiKTeX\tex/generic/iftex\iftex.sty
Package: iftex 2024/12/12 v1.0g TeX engine tests
))
(C:\Users\User\AppData\Local\Programs\MiKTeX\tex/generic/iftex\ifxetex.sty
Package: ifxetex 2019/10/25 v0.7 ifxetex legacy package. Use iftex instead.
)
(C:\Users\User\AppData\Local\Programs\MiKTeX\tex/latex/xkeyval\xkeyval.sty
Package: xkeyval 2022/06/16 v2.9 package option processing (HA)

(C:\Users\User\AppData\Local\Programs\MiKTeX\tex/generic/xkeyval\xkeyval.tex
(C:\Users\User\AppData\Local\Programs\MiKTeX\tex/generic/xkeyval\xkvutils.tex
\XKV@toks=\toks19
\XKV@tempa@toks=\toks20

(C:\Users\User\AppData\Local\Programs\MiKTeX\tex/generic/xkeyval\keyval.tex))
\XKV@depth=\count285
File: xkeyval.tex 2014/12/03 v2.7a key=value parser (HA)
))) (C:\Program Files\MiKTeX\tex/fonts/stix2-type1\stix2.sty
Package: stix2 2021/01/14 v2.0.2-latex STIX Two fonts support package

(C:\Users\User\AppData\Local\Programs\MiKTeX\tex/latex/base\textcomp.sty
Package: textcomp 2024/04/24 v2.1b Standard LaTeX package
LaTeX Font Info:    Changing ? sub-encoding to TS1/0 on input line 75.
)
LaTeX Encoding Info:    Text command \textpertenthousand (encoding T1) is not d
eclared on input line 53.
LaTeX Encoding Info:    Redeclaring text command \textpertenthousand (encoding 
?) on input line 54.
Now handling font encoding LS1 ...
... no UTF-8 mapping file for font encoding LS1
Now handling font encoding LS2 ...
... no UTF-8 mapping file for font encoding LS2
LaTeX Font Info:    Redeclaring symbol font `letters' on input line 78.
LaTeX Font Info:    Encoding `OML' has changed to `LS1' for symbol font
(Font)              `letters' in the math version `normal' on input line 78.
LaTeX Font Info:    Overwriting symbol font `letters' in version `normal'
(Font)                  OML/cmm/m/it --> LS1/stix2/m/it on input line 78.
LaTeX Font Info:    Encoding `OML' has changed to `LS1' for symbol font
(Font)              `letters' in the math version `bold' on input line 78.
LaTeX Font Info:    Overwriting symbol font `letters' in version `bold'
(Font)                  OML/cmm/b/it --> LS1/stix2/m/it on input line 78.
LaTeX Font Info:    Redeclaring symbol font `operators' on input line 79.
LaTeX Font Info:    Encoding `OT1' has changed to `LS1' for symbol font
(Font)              `operators' in the math version `normal' on input line 79.
LaTeX Font Info:    Overwriting symbol font `operators' in version `normal'
(Font)                  OT1/cmr/m/n --> LS1/stix2/m/n on input line 79.
LaTeX Font Info:    Encoding `OT1' has changed to `LS1' for symbol font
(Font)              `operators' in the math version `bold' on input line 79.
LaTeX Font Info:    Overwriting symbol font `operators' in version `bold'
(Font)                  OT1/cmr/bx/n --> LS1/stix2/m/n on input line 79.
\symbold-operators=\mathgroup4
LaTeX Font Info:    Redeclaring symbol font `symbols' on input line 81.
LaTeX Font Info:    Encoding `OMS' has changed to `LS1' for symbol font
(Font)              `symbols' in the math version `normal' on input line 81.
LaTeX Font Info:    Overwriting symbol font `symbols' in version `normal'
(Font)                  OMS/cmsy/m/n --> LS1/stix2scr/m/n on input line 81.
LaTeX Font Info:    Encoding `OMS' has changed to `LS1' for symbol font
(Font)              `symbols' in the math version `bold' on input line 81.
LaTeX Font Info:    Overwriting symbol font `symbols' in version `bold'
(Font)                  OMS/cmsy/b/n --> LS1/stix2scr/m/n on input line 81.
\symsymbols2=\mathgroup5
\symsymbols3=\mathgroup6
\symsymbols4=\mathgroup7
\symintegrals=\mathgroup8
LaTeX Font Info:    Redeclaring symbol font `largesymbols' on input line 86.
LaTeX Font Info:    Encoding `OMX' has changed to `LS2' for symbol font
(Font)              `largesymbols' in the math version `normal' on input line 8
6.
LaTeX Font Info:    Overwriting symbol font `largesymbols' in version `normal'
(Font)                  OMX/cmex/m/n --> LS2/stix2ex/m/n on input line 86.
LaTeX Font Info:    Encoding `OMX' has changed to `LS2' for symbol font
(Font)              `largesymbols' in the math version `bold' on input line 86.

LaTeX Font Info:    Overwriting symbol font `largesymbols' in version `bold'
(Font)                  OMX/cmex/m/n --> LS2/stix2ex/m/n on input line 86.
\symarrows1=\mathgroup9
\symarrows2=\mathgroup10
\symarrows3=\mathgroup11
LaTeX Font Info:    Overwriting symbol font `letters' in version `bold'
(Font)                  LS1/stix2/m/it --> LS1/stix2/b/it on input line 90.
LaTeX Font Info:    Overwriting symbol font `operators' in version `bold'
(Font)                  LS1/stix2/m/n --> LS1/stix2/b/n on input line 91.
LaTeX Font Info:    Overwriting symbol font `symbols' in version `bold'
(Font)                  LS1/stix2scr/m/n --> LS1/stix2scr/b/n on input line 92.

LaTeX Font Info:    Overwriting symbol font `symbols2' in version `bold'
(Font)                  LS1/stix2frak/m/n --> LS1/stix2frak/b/n on input line 9
3.
LaTeX Font Info:    Overwriting symbol font `symbols3' in version `bold'
(Font)                  LS1/stix2bb/m/n --> LS1/stix2bb/b/n on input line 94.
LaTeX Font Info:    Overwriting symbol font `symbols4' in version `bold'
(Font)                  LS1/stix2bb/m/it --> LS1/stix2bb/b/it on input line 95.

LaTeX Font Info:    Overwriting symbol font `integrals' in version `bold'
(Font)                  LS2/stix2cal/m/n --> LS2/stix2cal/b/n on input line 96.

LaTeX Font Info:    Overwriting symbol font `largesymbols' in version `bold'
(Font)                  LS2/stix2ex/m/n --> LS2/stix2ex/b/n on input line 97.
LaTeX Font Info:    Overwriting symbol font `arrows1' in version `bold'
(Font)                  LS1/stix2sf/m/n --> LS1/stix2sf/b/n on input line 98.
LaTeX Font Info:    Overwriting symbol font `arrows2' in version `bold'
(Font)                  LS1/stix2sf/m/it --> LS1/stix2sf/b/it on input line 99.

LaTeX Font Info:    Overwriting symbol font `arrows3' in version `bold'
(Font)                  LS2/stix2tt/m/n --> LS2/stix2tt/b/n on input line 100.
LaTeX Font Info:    Redeclaring math alphabet \mathit on input line 101.
LaTeX Font Info:    Redeclaring math alphabet \mathsf on input line 107.
LaTeX Font Info:    Redeclaring math alphabet \mathtt on input line 109.
LaTeX Font Info:    Redeclaring math alphabet \mathbf on input line 110.
LaTeX Font Info:    Redeclaring math symbol \hbar on input line 226.
LaTeX Font Info:    Redeclaring math accent \grave on input line 697.
LaTeX Font Info:    Redeclaring math accent \acute on input line 698.
LaTeX Font Info:    Redeclaring math accent \hat on input line 699.
LaTeX Font Info:    Redeclaring math accent \tilde on input line 700.
LaTeX Font Info:    Redeclaring math accent \bar on input line 701.
LaTeX Font Info:    Redeclaring math accent \breve on input line 702.
LaTeX Font Info:    Redeclaring math accent \dot on input line 703.
LaTeX Font Info:    Redeclaring math accent \ddot on input line 704.
LaTeX Font Info:    Redeclaring math accent \mathring on input line 706.
LaTeX Font Info:    Redeclaring math accent \check on input line 707.
LaTeX Font Info:    Redeclaring math accent \vec on input line 715.
LaTeX Font Info:    Redeclaring math accent \widehat on input line 727.
LaTeX Font Info:    Redeclaring math accent \widetilde on input line 728.
LaTeX Info: Redefining \vdots on input line 1517.
LaTeX Info: Redefining \cdots on input line 1521.
LaTeX Font Info:    Redeclaring math symbol \mathsterling on input line 1977.
LaTeX Info: Redefining \not on input line 2141.
)
(C:\Users\User\AppData\Local\Programs\MiKTeX\tex/generic/pdftex\glyphtounicode.
tex) (C:\Users\User\AppData\Local\Programs\MiKTeX\tex/generic/babel\babel.sty
Package: babel 2025/08/03 v25.12 The multilingual framework for LuaLaTeX, pdfLa
TeX and XeLaTeX
\babel@savecnt=\count286
LaTeX Encoding Info:    Redeclaring text command \ij (encoding OT1) on input li
ne 2045.
LaTeX Encoding Info:    Redeclaring text command \IJ (encoding OT1) on input li
ne 2047.
LaTeX Encoding Info:    Redeclaring text command \ij (encoding T1) on input lin
e 2049.
LaTeX Encoding Info:    Redeclaring text command \IJ (encoding T1) on input lin
e 2050.
LaTeX Encoding Info:    Ignoring declaration for text command \ij (encoding ?) 
on input line 2051.
LaTeX Encoding Info:    Ignoring declaration for text command \IJ (encoding ?) 
on input line 2053.
LaTeX Encoding Info:    Ignoring declaration for text command \SS (encoding ?) 
on input line 2078.
\U@D=\dimen149
\l@unhyphenated=\language79

(C:\Users\User\AppData\Local\Programs\MiKTeX\tex/generic/babel\txtbabel.def)
\bbl@readstream=\read2
\bbl@dirlevel=\count287

*************************************
* Local config file bblopts.cfg used
*
(C:\Users\User\AppData\Local\Programs\MiKTeX\tex/latex/arabi\bblopts.cfg
File: bblopts.cfg 2005/09/08 v0.1 add Arabic and Farsi to "declared" options of
 babel
)
Package babel Info: Main language set with 'main='. Except if you have
(babel)             problems, prefer the default mechanism for setting
(babel)             the main language, i.e., as the last declared.
(babel)             Reported on input line 4216.

(C:\Program Files\MiKTeX\tex/latex/babel-croatian\croatian.ldf
Language: croatian 2014/03/31 v1.3m Croatian support from the babel system

(C:\Users\User\AppData\Local\Programs\MiKTeX\tex/generic/babel/locale/hr\babel-
croatian.tex
Package babel Info: Importing font and identification data for croatian
(babel)             from babel-hr.ini. Reported on input line 12.
))
(C:\Users\User\AppData\Local\Programs\MiKTeX\tex/latex/babel-english\english.ld
f
Language: english 2017/06/06 v3.3r English support from the babel system

(C:\Users\User\AppData\Local\Programs\MiKTeX\tex/generic/babel/locale/en\babel-
english.tex
Package babel Info: Importing font and identification data for english
(babel)             from babel-en.ini. Reported on input line 12.
)
Package babel Info: Hyphen rules for 'canadian' set to \l@english
(babel)             (\language0). Reported on input line 102.
Package babel Info: Hyphen rules for 'australian' set to \l@ukenglish
(babel)             (\language73). Reported on input line 105.
Package babel Info: Hyphen rules for 'newzealand' set to \l@ukenglish
(babel)             (\language73). Reported on input line 108.
)) (C:\Program Files\MiKTeX\tex/latex/geometry\geometry.sty
Package: geometry 2026/03/07 v6.0 Page Geometry

(C:\Users\User\AppData\Local\Programs\MiKTeX\tex/generic/iftex\ifvtex.sty
Package: ifvtex 2019/10/25 v1.7 ifvtex legacy package. Use iftex instead.
)
\Gm@cnth=\count288
\Gm@cntv=\count289
\c@Gm@tempcnt=\count290
\Gm@bindingoffset=\dimen150
\Gm@wd@mp=\dimen151
\Gm@odd@mp=\dimen152
\Gm@even@mp=\dimen153
\Gm@layoutwidth=\dimen154
\Gm@layoutheight=\dimen155
\Gm@layouthoffset=\dimen156
\Gm@layoutvoffset=\dimen157
\Gm@dimlist=\toks21

(C:\Program Files\MiKTeX\tex/latex/geometry\geometry.cfg))
(C:\Users\User\AppData\Local\Programs\MiKTeX\tex/latex/setspace\setspace.sty
Package: setspace 2022/12/04 v6.7b set line spacing
)
(C:\Program Files\MiKTeX\tex/latex/parskip\parskip.sty
Package: parskip 2021-03-14 v2.0h non-zero parskip adjustments

(C:\Program Files\MiKTeX\tex/latex/kvoptions\kvoptions.sty
Package: kvoptions 2022-06-15 v3.15 Key value format for package options (HO)

(C:\Program Files\MiKTeX\tex/latex/kvsetkeys\kvsetkeys.sty
Package: kvsetkeys 2022-10-05 v1.19 Key value parser (HO)
)))
(C:\Program Files\MiKTeX\tex/latex/pdfpages\pdfpages.sty
Package: pdfpages 2026/03/30 v0.6h Insert pages of external PDF documents (AM)

(C:\Users\User\AppData\Local\Programs\MiKTeX\tex/latex/base\ifthen.sty
Package: ifthen 2024/03/16 v1.1e Standard LaTeX ifthen package (DPC)
)
(C:\Users\User\AppData\Local\Programs\MiKTeX\tex/latex/tools\calc.sty
Package: calc 2025/03/01 v4.3b Infix arithmetic (KKT,FJ)
\calc@Acount=\count291
\calc@Bcount=\count292
\calc@Adimen=\dimen158
\calc@Bdimen=\dimen159
\calc@Askip=\skip51
\calc@Bskip=\skip52
LaTeX Info: Redefining \setlength on input line 86.
LaTeX Info: Redefining \addtolength on input line 87.
\calc@Ccount=\count293
\calc@Cskip=\skip53
)
(C:\Program Files\MiKTeX\tex/latex/eso-pic\eso-pic.sty
Package: eso-pic 2025/12/10 v3.0d eso-pic (RN)
\ESO@tempdima=\dimen160
\ESO@tempdimb=\dimen161

(C:\Users\User\AppData\Local\Programs\MiKTeX\tex/latex/xcolor\xcolor.sty
Package: xcolor 2024/09/29 v3.02 LaTeX color extensions (UK)

(C:\Users\User\AppData\Local\Programs\MiKTeX\tex/latex/graphics-cfg\color.cfg
File: color.cfg 2016/01/02 v1.6 sample color configuration
)
Package xcolor Info: Driver file: pdftex.def on input line 274.

(C:\Users\User\AppData\Local\Programs\MiKTeX\tex/latex/graphics-def\pdftex.def
File: pdftex.def 2024/04/13 v1.2c Graphics/color driver for pdftex
) (C:\Users\User\AppData\Local\Programs\MiKTeX\tex/latex/graphics\mathcolor.ltx
)
Package xcolor Info: Model `cmy' substituted by `cmy0' on input line 1349.
Package xcolor Info: Model `hsb' substituted by `rgb' on input line 1353.
Package xcolor Info: Model `RGB' extended on input line 1365.
Package xcolor Info: Model `HTML' substituted by `rgb' on input line 1367.
Package xcolor Info: Model `Hsb' substituted by `hsb' on input line 1368.
Package xcolor Info: Model `tHsb' substituted by `hsb' on input line 1369.
Package xcolor Info: Model `HSB' substituted by `hsb' on input line 1370.
Package xcolor Info: Model `Gray' substituted by `gray' on input line 1371.
Package xcolor Info: Model `wave' substituted by `hsb' on input line 1372.
)) (C:\Users\User\AppData\Local\Programs\MiKTeX\tex/latex/graphics\graphicx.sty
Package: graphicx 2024/12/31 v1.2e Enhanced LaTeX Graphics (DPC,SPQR)
(C:\Users\User\AppData\Local\Programs\MiKTeX\tex/latex/graphics\graphics.sty
Package: graphics 2024/08/06 v1.4g Standard LaTeX Graphics (DPC,SPQR)

(C:\Users\User\AppData\Local\Programs\MiKTeX\tex/latex/graphics\trig.sty
Package: trig 2023/12/02 v1.11 sin cos tan (DPC)
)
(C:\Users\User\AppData\Local\Programs\MiKTeX\tex/latex/graphics-cfg\graphics.cf
g
File: graphics.cfg 2016/06/04 v1.11 sample graphics configuration
)
Package graphics Info: Driver file: pdftex.def on input line 106.
)
\Gin@req@height=\dimen162
\Gin@req@width=\dimen163
)
\AM@pagewidth=\dimen164
\AM@pageheight=\dimen165
\AM@fboxrule=\dimen166
 (C:\Program Files\MiKTeX\tex/latex/pdfpages\pppdftex.def
File: pppdftex.def 2026/03/30 v0.6h Pdfpages driver for pdfTeX (AM)
)
\pdfpages@includegraphics@status=\count294
\AM@pagebox=\box53
\AM@global@opts=\toks22
\AM@pagecnt=\count295
\AM@toc@title=\toks23
\AM@lof@heading=\toks24
\c@AM@survey=\count296
\AM@templatesizebox=\box54
)
(C:\Program Files\MiKTeX\tex/latex/caption\caption.sty
Package: caption 2023/08/05 v3.6o Customizing captions (AR)

(C:\Program Files\MiKTeX\tex/latex/caption\caption3.sty
Package: caption3 2023/07/31 v2.4d caption3 kernel (AR)
\caption@tempdima=\dimen167
\captionmargin=\dimen168
\caption@leftmargin=\dimen169
\caption@rightmargin=\dimen170
\caption@width=\dimen171
\caption@indent=\dimen172
\caption@parindent=\dimen173
\caption@hangindent=\dimen174
Package caption Info: Standard document class detected.
)
\c@caption@flags=\count297
\c@continuedfloat=\count298
)
(C:\Users\User\AppData\Local\Programs\MiKTeX\tex/latex/amsfonts\amssymb.sty
Package: amssymb 2013/01/14 v3.01 AMS font symbols

(C:\Users\User\AppData\Local\Programs\MiKTeX\tex/latex/amsfonts\amsfonts.sty
Package: amsfonts 2013/01/14 v3.01 Basic AMSFonts support
\@emptytoks=\toks25
\symAMSa=\mathgroup12
\symAMSb=\mathgroup13
)

Package amssymb Warning: The 'amssymb' package is redundant when you are using 
the 'stix' package, so I'm not going to load amssymb.

) (C:\Users\User\AppData\Local\Programs\MiKTeX\tex/latex/amsmath\amsmath.sty
Package: amsmath 2025/06/16 v2.17y AMS math features
\@mathmargin=\skip54

For additional information on amsmath, use the `?' option.
(C:\Users\User\AppData\Local\Programs\MiKTeX\tex/latex/amsmath\amstext.sty
Package: amstext 2024/11/17 v2.01 AMS text

(C:\Users\User\AppData\Local\Programs\MiKTeX\tex/latex/amsmath\amsgen.sty
File: amsgen.sty 1999/11/30 v2.0 generic functions
\@emptytoks=\toks26
\ex@=\dimen175
))
(C:\Users\User\AppData\Local\Programs\MiKTeX\tex/latex/amsmath\amsbsy.sty
Package: amsbsy 1999/11/29 v1.2d Bold Symbols
\pmbraise@=\dimen176
)
(C:\Users\User\AppData\Local\Programs\MiKTeX\tex/latex/amsmath\amsopn.sty
Package: amsopn 2022/04/08 v2.04 operator names
)
\inf@bad=\count299
LaTeX Info: Redefining \frac on input line 233.
\uproot@=\count300
\leftroot@=\count301
LaTeX Info: Redefining \overline on input line 398.
LaTeX Info: Redefining \colon on input line 409.
\classnum@=\count302
\DOTSCASE@=\count303
LaTeX Info: Redefining \ldots on input line 495.
LaTeX Info: Redefining \dots on input line 498.
\Mathstrutbox@=\box55
\strutbox@=\box56
LaTeX Info: Redefining \big on input line 721.
LaTeX Info: Redefining \Big on input line 722.
LaTeX Info: Redefining \bigg on input line 723.
LaTeX Info: Redefining \Bigg on input line 724.
\big@size=\dimen177
LaTeX Font Info:    Redeclaring font encoding OML on input line 742.
LaTeX Font Info:    Redeclaring font encoding OMS on input line 743.
\macc@depth=\count304
LaTeX Info: Redefining \bmod on input line 904.
LaTeX Info: Redefining \pmod on input line 909.
LaTeX Info: Redefining \smash on input line 939.
\c@MaxMatrixCols=\count305
\dotsspace@=\muskip17
\c@parentequation=\count306
\dspbrk@lvl=\count307
\tag@help=\toks27
\row@=\count308
\column@=\count309
\maxfields@=\count310
\andhelp@=\toks28
\eqnshift@=\dimen178
\alignsep@=\dimen179
\tagshift@=\dimen180
\tagwidth@=\dimen181
\totwidth@=\dimen182
\lineht@=\dimen183
\@envbody=\toks29
\multlinegap=\skip55
\multlinetaggap=\skip56
\mathdisplay@stack=\toks30
LaTeX Info: Redefining \[ on input line 2949.
LaTeX Info: Redefining \] on input line 2950.
)
(C:\Program Files\MiKTeX\tex/latex/tocbibind\tocbibind.sty
Package: tocbibind 2026/06/01 v1.5l extra ToC listings
Package tocbibind Info: The document has chapter divisions on input line 50.


Package tocbibind Note: Using chapter style headings, unless overridden.

) (C:\Users\User\AppData\Local\Programs\MiKTeX\tex/latex/hyperref\hyperref.sty
Package: hyperref 2025-07-12 v7.01o Hypertext links for LaTeX

(C:\Program Files\MiKTeX\tex/generic/kvdefinekeys\kvdefinekeys.sty
Package: kvdefinekeys 2019-12-19 v1.6 Define keys (HO)
)
(C:\Program Files\MiKTeX\tex/generic/pdfescape\pdfescape.sty
Package: pdfescape 2019/12/09 v1.15 Implements pdfTeX's escape features (HO)

(C:\Users\User\AppData\Local\Programs\MiKTeX\tex/generic/pdftexcmds\pdftexcmds.
sty
Package: pdftexcmds 2020-06-27 v0.33 Utility functions of pdfTeX for LuaTeX (HO
)
 (C:\Program Files\MiKTeX\tex/generic/infwarerr\infwarerr.sty
Package: infwarerr 2019/12/03 v1.5 Providing info/warning/error messages (HO)
)
Package pdftexcmds Info: \pdf@primitive is available.
Package pdftexcmds Info: \pdf@ifprimitive is available.
Package pdftexcmds Info: \pdfdraftmode found.
))
(C:\Program Files\MiKTeX\tex/latex/hycolor\hycolor.sty
Package: hycolor 2020-01-27 v1.10 Color options for hyperref/bookmark (HO)
)
(C:\Users\User\AppData\Local\Programs\MiKTeX\tex/latex/hyperref\nameref.sty
Package: nameref 2025-06-21 v2.57 Cross-referencing by name of section

(C:\Program Files\MiKTeX\tex/latex/refcount\refcount.sty
Package: refcount 2019/12/15 v3.6 Data extraction from label references (HO)
)
(C:\Program Files\MiKTeX\tex/generic/gettitlestring\gettitlestring.sty
Package: gettitlestring 2019/12/15 v1.6 Cleanup title references (HO)
)
\c@section@level=\count311
)
(C:\Program Files\MiKTeX\tex/generic/stringenc\stringenc.sty
Package: stringenc 2019/11/29 v1.12 Convert strings between diff. encodings (HO
)
)
\@linkdim=\dimen184
\Hy@linkcounter=\count312
\Hy@pagecounter=\count313

(C:\Users\User\AppData\Local\Programs\MiKTeX\tex/latex/hyperref\pd1enc.def
File: pd1enc.def 2025-07-12 v7.01o Hyperref: PDFDocEncoding definition (HO)
Now handling font encoding PD1 ...
... no UTF-8 mapping file for font encoding PD1
)
(C:\Program Files\MiKTeX\tex/generic/intcalc\intcalc.sty
Package: intcalc 2019/12/15 v1.3 Expandable calculations with integers (HO)
)
\Hy@SavedSpaceFactor=\count314

(C:\Users\User\AppData\Local\Programs\MiKTeX\tex/latex/hyperref\puenc.def
File: puenc.def 2025-07-12 v7.01o Hyperref: PDF Unicode definition (HO)
Now handling font encoding PU ...
... no UTF-8 mapping file for font encoding PU
)
Package hyperref Info: Option `pdfpagelabels' set `true' on input line 4066.
Package hyperref Info: Option `unicode' set `true' on input line 4066.
Package hyperref Info: Option `pdfa' set `true' on input line 4066.
Package hyperref Info: Hyper figures OFF on input line 4195.
Package hyperref Info: Link nesting OFF on input line 4200.
Package hyperref Info: Hyper index ON on input line 4203.
Package hyperref Info: Plain pages OFF on input line 4210.
Package hyperref Info: Backreferencing OFF on input line 4215.
Package hyperref Info: Implicit mode ON; LaTeX internals redefined.
Package hyperref Info: Bookmarks ON on input line 4462.
\c@Hy@tempcnt=\count315

(C:\Users\User\AppData\Local\Programs\MiKTeX\tex/latex/url\url.sty
\Urlmuskip=\muskip18
Package: url 2013/09/16  ver 3.4  Verb mode for urls, etc.
)
LaTeX Info: Redefining \url on input line 4801.
\XeTeXLinkMargin=\dimen185

(C:\Program Files\MiKTeX\tex/generic/bitset\bitset.sty
Package: bitset 2019/12/09 v1.3 Handle bit-vector datatype (HO)

(C:\Program Files\MiKTeX\tex/generic/bigintcalc\bigintcalc.sty
Package: bigintcalc 2019/12/15 v1.5 Expandable calculations on big integers (HO
)
))
\Fld@menulength=\count316
\Field@Width=\dimen186
\Fld@charsize=\dimen187
Package hyperref Info: Hyper figures OFF on input line 6078.
Package hyperref Info: Link nesting OFF on input line 6083.
Package hyperref Info: Hyper index ON on input line 6086.
Package hyperref Info: backreferencing OFF on input line 6093.
Package hyperref Info: Link coloring OFF on input line 6098.
Package hyperref Info: Link coloring with OCG OFF on input line 6103.
Package hyperref Info: PDF/A mode ON on input line 6106.
\Hy@abspage=\count317
\c@Item=\count318
\c@Hfootnote=\count319
)
Package hyperref Info: Driver (autodetected): hpdftex.

(C:\Users\User\AppData\Local\Programs\MiKTeX\tex/latex/hyperref\hpdftex.def
File: hpdftex.def 2025-07-12 v7.01o Hyperref driver for pdfTeX
\Fld@listcount=\count320
\c@bookmark@seq@number=\count321

(C:\Program Files\MiKTeX\tex/latex/rerunfilecheck\rerunfilecheck.sty
Package: rerunfilecheck 2025-06-21 v1.11 Rerun checks for auxiliary files (HO)

(C:\Program Files\MiKTeX\tex/generic/uniquecounter\uniquecounter.sty
Package: uniquecounter 2019/12/15 v1.4 Provide unlimited unique counter (HO)
)
Package uniquecounter Info: New unique counter `rerunfilecheck' on input line 2
84.
)
\Hy@SectionHShift=\skip57
))
(C:\Program Files\MiKTeX\tex/latex/booktabs\booktabs.sty
Package: booktabs 2020/01/12 v1.61803398 Publication quality tables
\heavyrulewidth=\dimen188
\lightrulewidth=\dimen189
\cmidrulewidth=\dimen190
\belowrulesep=\dimen191
\belowbottomsep=\dimen192
\aboverulesep=\dimen193
\abovetopsep=\dimen194
\cmidrulesep=\dimen195
\cmidrulekern=\dimen196
\defaultaddspace=\dimen197
\@cmidla=\count322
\@cmidlb=\count323
\@aboverulesep=\dimen198
\@belowrulesep=\dimen199
\@thisruleclass=\count324
\@lastruleclass=\count325
\@thisrulewidth=\dimen256
)
(C:\Users\User\AppData\Local\Programs\MiKTeX\tex/latex/tools\longtable.sty
Package: longtable 2024-12-18 v4.23 Multi-page Table package (DPC)
\LTleft=\skip58
\LTright=\skip59
\LTpre=\skip60
\LTpost=\skip61
\LTchunksize=\count326
\LTcapwidth=\dimen257
\LT@head=\box57
\LT@firsthead=\box58
\LT@foot=\box59
\LT@lastfoot=\box60
\LT@gbox=\box61
\LT@cols=\count327
\LT@rows=\count328
\c@LT@tables=\count329
\c@LT@chunks=\count330
\LT@p@ftn=\toks31
)
(C:\Users\User\AppData\Local\Programs\MiKTeX\tex/latex/tools\array.sty
Package: array 2025/06/08 v2.6j Tabular extension package (FMi)
\col@sep=\dimen258
\ar@mcellbox=\box62
\extrarowheight=\dimen259
\NC@list=\toks32
\extratabsurround=\skip62
\backup@length=\skip63
\ar@cellbox=\box63
)
(C:\Program Files\MiKTeX\tex/latex/multirow\multirow.sty
Package: multirow 2024/11/12 v2.9 Span multiple rows of a table
\multirow@colwidth=\skip64
\multirow@cntb=\count331
\multirow@dima=\skip65
\bigstrutjot=\dimen260
)
(C:\Program Files\MiKTeX\tex/latex/footnotehyper\footnotehyper.sty
Package: footnotehyper 2025/11/15 v1.1f hyperref aware footnote.sty (JFB)
\FNH@notes=\box64
\FNH@width=\dimen261
\FNH@toks=\toks33
)
(C:\Program Files\MiKTeX\tex/latex/float\float.sty
Package: float 2001/11/08 v1.3d Float enhancements (AL)
\c@float@type=\count332
\float@exts=\toks34
\float@box=\box65
\@float@everytoks=\toks35
\@floatcapt=\box66
)
(C:\Program Files\MiKTeX\tex/latex/placeins\placeins.sty
Package: placeins 2005/04/18  v 2.2
)
(C:\Program Files\MiKTeX\tex/latex/makecell\makecell.sty
Package: makecell 2009/08/03 V0.1e Managing of Tab Column Heads and Cells
\rotheadsize=\dimen262
\c@nlinenum=\count333
\TeXr@lab=\toks36
)
(C:\Users\User\AppData\Local\Programs\MiKTeX\tex/latex/tools\tabularx.sty
Package: tabularx 2023/12/11 v2.12a `tabularx' package (DPC)
\TX@col@width=\dimen263
\TX@old@table=\dimen264
\TX@old@col=\dimen265
\TX@target=\dimen266
\TX@delta=\dimen267
\TX@cols=\count334
\TX@ftn=\toks37
)
(C:\Program Files\MiKTeX\tex/latex/adjustbox\adjustbox.sty
Package: adjustbox 2025/02/26 v1.3c Adjusting TeX boxes (trim, clip, ...)

(C:\Program Files\MiKTeX\tex/latex/adjustbox\adjcalc.sty
Package: adjcalc 2012/05/16 v1.1 Provides advanced setlength with multiple back
-ends (calc, etex, pgfmath)
)
(C:\Program Files\MiKTeX\tex/latex/adjustbox\trimclip.sty
Package: trimclip 2025/02/21 v1.2a Trim and clip general TeX material

(C:\Program Files\MiKTeX\tex/latex/collectbox\collectbox.sty
Package: collectbox 2022/10/17 v0.4c Collect macro arguments as boxes
\collectedbox=\box67
)
\tc@llx=\dimen268
\tc@lly=\dimen269
\tc@urx=\dimen270
\tc@ury=\dimen271
Package trimclip Info: Using driver 'tc-pdftex.def'.

(C:\Program Files\MiKTeX\tex/latex/adjustbox\tc-pdftex.def
File: tc-pdftex.def 2025/02/26 v2.3 Clipping driver for pdftex
))
\adjbox@Width=\dimen272
\adjbox@Height=\dimen273
\adjbox@Depth=\dimen274
\adjbox@Totalheight=\dimen275
\adjbox@pwidth=\dimen276
\adjbox@pheight=\dimen277
\adjbox@pdepth=\dimen278
\adjbox@ptotalheight=\dimen279

(C:\Program Files\MiKTeX\tex/latex/ifoddpage\ifoddpage.sty
Package: ifoddpage 2022/10/18 v1.2 Conditionals for odd/even page detection
\c@checkoddpage=\count335
)
(C:\Program Files\MiKTeX\tex/latex/varwidth\varwidth.sty
Package: varwidth 2009/03/30 ver 0.92;  Variable-width minipages
\@vwid@box=\box68
\sift@deathcycles=\count336
\@vwid@loff=\dimen280
\@vwid@roff=\dimen281
)
==> First Aid for varwidth.sty applied!
) (C:\Users\User\AppData\Local\Programs\MiKTeX\tex/latex/ragged2e\ragged2e.sty
Package: ragged2e 2023/06/22 v3.6 ragged2e Package
\CenteringLeftskip=\skip66
\RaggedLeftLeftskip=\skip67
\RaggedRightLeftskip=\skip68
\CenteringRightskip=\skip69
\RaggedLeftRightskip=\skip70
\RaggedRightRightskip=\skip71
\CenteringParfillskip=\skip72
\RaggedLeftParfillskip=\skip73
\RaggedRightParfillskip=\skip74
\JustifyingParfillskip=\skip75
\CenteringParindent=\skip76
\RaggedLeftParindent=\skip77
\RaggedRightParindent=\skip78
\JustifyingParindent=\skip79
) (C:\Program Files\MiKTeX\tex/latex/fvextra\fvextra.sty
Package: fvextra 2026/02/25 v1.14.0 fvextra - extensions and patches for fancyv
rb

(C:\Program Files\MiKTeX\tex/latex/fancyvrb\fancyvrb.sty
Package: fancyvrb 2026/04/16 4.6a verbatim text (tvz,hv)
\FV@CodeLineNo=\count337
\FV@InFile=\read3
\FV@TabBox=\box69
\c@FancyVerbLine=\count338
\FV@StepNumber=\count339
\FV@OutFile=\write3
)
(C:\Program Files\MiKTeX\tex/latex/upquote\upquote.sty
Package: upquote 2012/04/19 v1.3 upright-quote and grave-accent glyphs in verba
tim
)
(C:\Program Files\MiKTeX\tex/latex/lineno\lineno.sty
Package: lineno 2026/03/08 line numbers on paragraphs v5.9
\linenopenalty=\count340
\output=\toks38
\linenoprevgraf=\count341
\linenumbersep=\dimen282
\linenumberwidth=\dimen283
\c@linenumber=\count342
\c@pagewiselinenumber=\count343
\c@LN@truepage=\count344
\c@internallinenumber=\count345
\c@internallinenumbers=\count346
\quotelinenumbersep=\dimen284
\bframerule=\dimen285
\bframesep=\dimen286
\bframebox=\box70
\@LN@amsmath@ams@eqpen=\count347
)
\c@FancyVerbWriteLine=\count348
\c@FancyVerbBufferLine=\count349
\c@FV@TrueTabGroupLevel=\count350
\c@FV@TrueTabCounter=\count351
\FV@TabBox@Group=\box71
\FV@bgcolorstructbox=\box72
\FV@TmpLength=\skip80
\c@FV@HighlightLinesStart=\count352
\c@FV@HighlightLinesStop=\count353
\FV@LoopCount=\count354
\FV@NCharsBox=\box73
\FV@BreakIndent=\dimen287
\FV@BreakIndentNChars=\count355
\FV@BreakSymbolSepLeft=\dimen288
\FV@BreakSymbolSepLeftNChars=\count356
\FV@BreakSymbolSepRight=\dimen289
\FV@BreakSymbolSepRightNChars=\count357
\FV@BreakSymbolIndentLeft=\dimen290
\FV@BreakSymbolIndentLeftNChars=\count358
\FV@BreakSymbolIndentRight=\dimen291
\FV@BreakSymbolIndentRightNChars=\count359
\c@FancyVerbLineBreakLast=\count360
\FV@LineBox=\box74
\FV@LineIndentBox=\box75
\c@FV@BreakBufferDepth=\count361
\FV@LineWidth=\dimen292
)
(C:\Users\User\AppData\Local\Programs\MiKTeX\tex/latex/microtype\microtype.sty
Package: microtype 2025/07/09 v3.2b Micro-typographical refinements (RS)
\MT@toks=\toks39
\MT@tempbox=\box76
\MT@count=\count362
LaTeX Info: Redefining \noprotrusionifhmode on input line 1087.
LaTeX Info: Redefining \leftprotrusion on input line 1088.
\MT@prot@toks=\toks40
LaTeX Info: Redefining \rightprotrusion on input line 1107.
LaTeX Info: Redefining \textls on input line 1449.
\MT@outer@kern=\dimen293
LaTeX Info: Redefining \microtypecontext on input line 2053.
LaTeX Info: Redefining \textmicrotypecontext on input line 2070.
\MT@listname@count=\count363

(C:\Users\User\AppData\Local\Programs\MiKTeX\tex/latex/microtype\microtype-pdft
ex.def
File: microtype-pdftex.def 2025/07/09 v3.2b Definitions specific to pdftex (RS)

LaTeX Info: Redefining \lsstyle on input line 944.
LaTeX Info: Redefining \lslig on input line 944.
\MT@outer@space=\skip81
)
Package microtype Info: Loading configuration file microtype.cfg.

(C:\Users\User\AppData\Local\Programs\MiKTeX\tex/latex/microtype\microtype.cfg
File: microtype.cfg 2025/07/09 v3.2b microtype main configuration file (RS)
)
LaTeX Info: Redefining \microtypesetup on input line 3065.
) (C:\Program Files\MiKTeX\tex/latex/xurl\xurl.sty
Package: xurl 2022/01/09 v 0.10 modify URL breaks
)
(C:\Program Files\MiKTeX\tex/latex/pdfx\pdfx.sty
Package: pdfx 2024/06/24 v1.6.5f PDF/X and PDF/A support (CVR/HTH/RRM/PS)
\pdfx@minorversion=\count364
\pdfx@majorversion=\count365

(C:\Users\User\AppData\Local\Programs\MiKTeX\tex/generic/iftex\ifpdf.sty
Package: ifpdf 2019/10/25 v3.4 ifpdf legacy package. Use iftex instead.
)
(C:\Users\User\AppData\Local\Programs\MiKTeX\tex/latex/everyshi\everyshi.sty
Package: everyshi 2020/11/18 v4.00 EveryShipout Package
){C:/Users/User/AppData/Local/MiKTeX/fonts/map/pdftex/pdftex.map}
(C:\Program Files\MiKTeX\tex/latex/pdfx\l8u-penc.def
File: l8u-penc.def 2017/06/23 v0.8 Custom LaTeX file, for UTF8 encoded letters 
and symbols
LaTeX Encoding Info:    Redeclaring text command \textdoubletilde (encoding L8U
) on input line 210.
LaTeX Encoding Info:    Redeclaring text command \texttipaG (encoding L8U) on i
nput line 256.
LaTeX Encoding Info:    Redeclaring text command \texttipam (encoding L8U) on i
nput line 257.
LaTeX Encoding Info:    Redeclaring text command \texttipaM (encoding L8U) on i
nput line 258.
LaTeX Encoding Info:    Redeclaring text command \b (encoding L8U) on input lin
e 278.
LaTeX Encoding Info:    Text composite with undeclared \b in encoding L8U on in
put line 278.
LaTeX Encoding Info:    Redeclaring text command \textacutemacron (encoding L8U
) on input line 323.
LaTeX Encoding Info:    Redeclaring text command \textgravemacron (encoding L8U
) on input line 334.
LaTeX Encoding Info:    Redeclaring text command \textacutemacron (encoding L8U
) on input line 336.
LaTeX Encoding Info:    Redeclaring text command \textellipsis (encoding L8U) o
n input line 2514.
LaTeX Encoding Info:    Redeclaring text command \textfractionsolidus (encoding
 L8U) on input line 2529.
LaTeX Encoding Info:    Redeclaring text command \texthinferior (encoding L8U) 
on input line 2618.
LaTeX Encoding Info:    Redeclaring text command \texthslash (encoding L8U) on 
input line 2678.
LaTeX Encoding Info:    Redeclaring text command \texttrademark (encoding L8U) 
on input line 2687.
LaTeX Encoding Info:    Redeclaring text command \textupstep (encoding L8U) on 
input line 3739.
LaTeX Encoding Info:    Redeclaring text command \textdownstep (encoding L8U) o
n input line 3740.
LaTeX Encoding Info:    Redeclaring text command \textcopyleft (encoding L8U) o
n input line 3810.
)
\pdfxsafeforxmp@toks=\toks41
\pdfx@tmptoks=\toks42


Package hyperref Warning: Option `pdftex' has already been used,
(hyperref)                setting the option has no effect on input line 1532.

Package hyperref Info: Option `psdextra' set `true' on input line 1535.
(C:\Users\User\AppData\Local\Programs\MiKTeX\tex/latex/hyperref\psdextra.def
File: psdextra.def 2025-07-12 v7.01o Hyperref: Additions to PDF string support
)
(C:\Program Files\MiKTeX\tex/generic/colorprofiles\colorprofiles.sty
Package: colorprofiles 2018/11/01 v1.0.1 color profiles for PDF/X and PDF/A sup
port

(C:\Program Files\MiKTeX\tex/generic/colorprofiles\colorprofiles.tex))
(C:\Program Files\MiKTeX\tex/latex/pdfx\AdobeColorProfiles.tex)
(C:\Program Files\MiKTeX\tex/latex/pdfx\8bit.def
File: 8bit.def 2008/03/30 v1.1d Input encoding file
)
** pdfx: No file memostrack_thesis.xmpdata . Metadata will be incomplete!
<<sRGB.icc>> (C:\Program Files\MiKTeX\tex/latex/pdfx\8bit.def
File: 8bit.def 2008/03/30 v1.1d Input encoding file
)
(C:\Users\User\AppData\Local\Programs\MiKTeX\tex/generic/pdftex\glyphtounicode.
tex) (C:\Program Files\MiKTeX\tex/latex/pdfx\glyphtounicode-cmr.tex)
(C:\Program Files\MiKTeX\tex/latex/pdfx\glyphtounicode-ntx.tex)
(C:\Program Files\MiKTeX\tex/latex/xmpincl\xmpincl.sty
Package: xmpincl 2021/09/22 v2.4 Include XMP data in pdflatex
)
(C:\Program Files\MiKTeX\tex/latex/pdfx\8bit.def
File: 8bit.def 2008/03/30 v1.1d Input encoding file
)
Using XMP template file: pdfa.xmp
\xmpinclWrite=\write4
\xmpinclRead=\read4
\openout4 = `pdfa.xmpi'.

<<pdfa.xmpi>>

Package pdfx Warning: Setting all color commands to rgb,
consistent with the Color Model for PDF/A  on input line 3126.

) (C:\Users\User\AppData\Local\Programs\MiKTeX\tex/latex/base\utf8.def
File: utf8.def 2022/06/07 v1.3c UTF-8 support
Now handling font encoding OML ...
... no UTF-8 mapping file for font encoding OML
Now handling font encoding OMS ...
... processing UTF-8 mapping file for font encoding OMS

(C:\Users\User\AppData\Local\Programs\MiKTeX\tex/latex/base\omsenc.dfu
File: omsenc.dfu 2022/06/07 v1.3c UTF-8 support
   defining Unicode char U+00A7 (decimal 167)
   defining Unicode char U+00B6 (decimal 182)
   defining Unicode char U+00B7 (decimal 183)
   defining Unicode char U+2020 (decimal 8224)
   defining Unicode char U+2021 (decimal 8225)
   defining Unicode char U+2022 (decimal 8226)
)
Now handling font encoding OT1 ...
... processing UTF-8 mapping file for font encoding OT1

(C:\Users\User\AppData\Local\Programs\MiKTeX\tex/latex/base\ot1enc.dfu
File: ot1enc.dfu 2022/06/07 v1.3c UTF-8 support
   defining Unicode char U+00A0 (decimal 160)
   defining Unicode char U+00A1 (decimal 161)
   defining Unicode char U+00A3 (decimal 163)
   defining Unicode char U+00AD (decimal 173)
   defining Unicode char U+00B8 (decimal 184)
   defining Unicode char U+00BF (decimal 191)
   defining Unicode char U+00C5 (decimal 197)
   defining Unicode char U+00C6 (decimal 198)
   defining Unicode char U+00D8 (decimal 216)
   defining Unicode char U+00DF (decimal 223)
   defining Unicode char U+00E6 (decimal 230)
   defining Unicode char U+00EC (decimal 236)
   defining Unicode char U+00ED (decimal 237)
   defining Unicode char U+00EE (decimal 238)
   defining Unicode char U+00EF (decimal 239)
   defining Unicode char U+00F8 (decimal 248)
   defining Unicode char U+0131 (decimal 305)
   defining Unicode char U+0141 (decimal 321)
   defining Unicode char U+0142 (decimal 322)
   defining Unicode char U+0152 (decimal 338)
   defining Unicode char U+0153 (decimal 339)
   defining Unicode char U+0174 (decimal 372)
   defining Unicode char U+0175 (decimal 373)
   defining Unicode char U+0176 (decimal 374)
   defining Unicode char U+0177 (decimal 375)
   defining Unicode char U+0218 (decimal 536)
   defining Unicode char U+0219 (decimal 537)
   defining Unicode char U+021A (decimal 538)
   defining Unicode char U+021B (decimal 539)
   defining Unicode char U+0237 (decimal 567)
   defining Unicode char U+2013 (decimal 8211)
   defining Unicode char U+2014 (decimal 8212)
   defining Unicode char U+2018 (decimal 8216)
   defining Unicode char U+2019 (decimal 8217)
   defining Unicode char U+201C (decimal 8220)
   defining Unicode char U+201D (decimal 8221)
   defining Unicode char U+FB00 (decimal 64256)
   defining Unicode char U+FB01 (decimal 64257)
   defining Unicode char U+FB02 (decimal 64258)
   defining Unicode char U+FB03 (decimal 64259)
   defining Unicode char U+FB04 (decimal 64260)
   defining Unicode char U+FB05 (decimal 64261)
   defining Unicode char U+FB06 (decimal 64262)
)
Now handling font encoding T1 ...
... processing UTF-8 mapping file for font encoding T1

(C:\Users\User\AppData\Local\Programs\MiKTeX\tex/latex/base\t1enc.dfu
File: t1enc.dfu 2022/06/07 v1.3c UTF-8 support
   defining Unicode char U+00A0 (decimal 160)
   defining Unicode char U+00A1 (decimal 161)
   defining Unicode char U+00A3 (decimal 163)
   defining Unicode char U+00AB (decimal 171)
   defining Unicode char U+00AD (decimal 173)
   defining Unicode char U+00BB (decimal 187)
   defining Unicode char U+00BF (decimal 191)
   defining Unicode char U+00C0 (decimal 192)
   defining Unicode char U+00C1 (decimal 193)
   defining Unicode char U+00C2 (decimal 194)
   defining Unicode char U+00C3 (decimal 195)
   defining Unicode char U+00C4 (decimal 196)
   defining Unicode char U+00C5 (decimal 197)
   defining Unicode char U+00C6 (decimal 198)
   defining Unicode char U+00C7 (decimal 199)
   defining Unicode char U+00C8 (decimal 200)
   defining Unicode char U+00C9 (decimal 201)
   defining Unicode char U+00CA (decimal 202)
   defining Unicode char U+00CB (decimal 203)
   defining Unicode char U+00CC (decimal 204)
   defining Unicode char U+00CD (decimal 205)
   defining Unicode char U+00CE (decimal 206)
   defining Unicode char U+00CF (decimal 207)
   defining Unicode char U+00D0 (decimal 208)
   defining Unicode char U+00D1 (decimal 209)
   defining Unicode char U+00D2 (decimal 210)
   defining Unicode char U+00D3 (decimal 211)
   defining Unicode char U+00D4 (decimal 212)
   defining Unicode char U+00D5 (decimal 213)
   defining Unicode char U+00D6 (decimal 214)
   defining Unicode char U+00D8 (decimal 216)
   defining Unicode char U+00D9 (decimal 217)
   defining Unicode char U+00DA (decimal 218)
   defining Unicode char U+00DB (decimal 219)
   defining Unicode char U+00DC (decimal 220)
   defining Unicode char U+00DD (decimal 221)
   defining Unicode char U+00DE (decimal 222)
   defining Unicode char U+00DF (decimal 223)
   defining Unicode char U+00E0 (decimal 224)
   defining Unicode char U+00E1 (decimal 225)
   defining Unicode char U+00E2 (decimal 226)
   defining Unicode char U+00E3 (decimal 227)
   defining Unicode char U+00E4 (decimal 228)
   defining Unicode char U+00E5 (decimal 229)
   defining Unicode char U+00E6 (decimal 230)
   defining Unicode char U+00E7 (decimal 231)
   defining Unicode char U+00E8 (decimal 232)
   defining Unicode char U+00E9 (decimal 233)
   defining Unicode char U+00EA (decimal 234)
   defining Unicode char U+00EB (decimal 235)
   defining Unicode char U+00EC (decimal 236)
   defining Unicode char U+00ED (decimal 237)
   defining Unicode char U+00EE (decimal 238)
   defining Unicode char U+00EF (decimal 239)
   defining Unicode char U+00F0 (decimal 240)
   defining Unicode char U+00F1 (decimal 241)
   defining Unicode char U+00F2 (decimal 242)
   defining Unicode char U+00F3 (decimal 243)
   defining Unicode char U+00F4 (decimal 244)
   defining Unicode char U+00F5 (decimal 245)
   defining Unicode char U+00F6 (decimal 246)
   defining Unicode char U+00F8 (decimal 248)
   defining Unicode char U+00F9 (decimal 249)
   defining Unicode char U+00FA (decimal 250)
   defining Unicode char U+00FB (decimal 251)
   defining Unicode char U+00FC (decimal 252)
   defining Unicode char U+00FD (decimal 253)
   defining Unicode char U+00FE (decimal 254)
   defining Unicode char U+00FF (decimal 255)
   defining Unicode char U+0100 (decimal 256)
   defining Unicode char U+0101 (decimal 257)
   defining Unicode char U+0102 (decimal 258)
   defining Unicode char U+0103 (decimal 259)
   defining Unicode char U+0104 (decimal 260)
   defining Unicode char U+0105 (decimal 261)
   defining Unicode char U+0106 (decimal 262)
   defining Unicode char U+0107 (decimal 263)
   defining Unicode char U+0108 (decimal 264)
   defining Unicode char U+0109 (decimal 265)
   defining Unicode char U+010A (decimal 266)
   defining Unicode char U+010B (decimal 267)
   defining Unicode char U+010C (decimal 268)
   defining Unicode char U+010D (decimal 269)
   defining Unicode char U+010E (decimal 270)
   defining Unicode char U+010F (decimal 271)
   defining Unicode char U+0110 (decimal 272)
   defining Unicode char U+0111 (decimal 273)
   defining Unicode char U+0112 (decimal 274)
   defining Unicode char U+0113 (decimal 275)
   defining Unicode char U+0114 (decimal 276)
   defining Unicode char U+0115 (decimal 277)
   defining Unicode char U+0116 (decimal 278)
   defining Unicode char U+0117 (decimal 279)
   defining Unicode char U+0118 (decimal 280)
   defining Unicode char U+0119 (decimal 281)
   defining Unicode char U+011A (decimal 282)
   defining Unicode char U+011B (decimal 283)
   defining Unicode char U+011C (decimal 284)
   defining Unicode char U+011D (decimal 285)
   defining Unicode char U+011E (decimal 286)
   defining Unicode char U+011F (decimal 287)
   defining Unicode char U+0120 (decimal 288)
   defining Unicode char U+0121 (decimal 289)
   defining Unicode char U+0122 (decimal 290)
   defining Unicode char U+0123 (decimal 291)
   defining Unicode char U+0124 (decimal 292)
   defining Unicode char U+0125 (decimal 293)
   defining Unicode char U+0128 (decimal 296)
   defining Unicode char U+0129 (decimal 297)
   defining Unicode char U+012A (decimal 298)
   defining Unicode char U+012B (decimal 299)
   defining Unicode char U+012C (decimal 300)
   defining Unicode char U+012D (decimal 301)
   defining Unicode char U+012E (decimal 302)
   defining Unicode char U+012F (decimal 303)
   defining Unicode char U+0130 (decimal 304)
   defining Unicode char U+0131 (decimal 305)
   defining Unicode char U+0132 (decimal 306)
   defining Unicode char U+0133 (decimal 307)
   defining Unicode char U+0134 (decimal 308)
   defining Unicode char U+0135 (decimal 309)
   defining Unicode char U+0136 (decimal 310)
   defining Unicode char U+0137 (decimal 311)
   defining Unicode char U+0139 (decimal 313)
   defining Unicode char U+013A (decimal 314)
   defining Unicode char U+013B (decimal 315)
   defining Unicode char U+013C (decimal 316)
   defining Unicode char U+013D (decimal 317)
   defining Unicode char U+013E (decimal 318)
   defining Unicode char U+0141 (decimal 321)
   defining Unicode char U+0142 (decimal 322)
   defining Unicode char U+0143 (decimal 323)
   defining Unicode char U+0144 (decimal 324)
   defining Unicode char U+0145 (decimal 325)
   defining Unicode char U+0146 (decimal 326)
   defining Unicode char U+0147 (decimal 327)
   defining Unicode char U+0148 (decimal 328)
   defining Unicode char U+014A (decimal 330)
   defining Unicode char U+014B (decimal 331)
   defining Unicode char U+014C (decimal 332)
   defining Unicode char U+014D (decimal 333)
   defining Unicode char U+014E (decimal 334)
   defining Unicode char U+014F (decimal 335)
   defining Unicode char U+0150 (decimal 336)
   defining Unicode char U+0151 (decimal 337)
   defining Unicode char U+0152 (decimal 338)
   defining Unicode char U+0153 (decimal 339)
   defining Unicode char U+0154 (decimal 340)
   defining Unicode char U+0155 (decimal 341)
   defining Unicode char U+0156 (decimal 342)
   defining Unicode char U+0157 (decimal 343)
   defining Unicode char U+0158 (decimal 344)
   defining Unicode char U+0159 (decimal 345)
   defining Unicode char U+015A (decimal 346)
   defining Unicode char U+015B (decimal 347)
   defining Unicode char U+015C (decimal 348)
   defining Unicode char U+015D (decimal 349)
   defining Unicode char U+015E (decimal 350)
   defining Unicode char U+015F (decimal 351)
   defining Unicode char U+0160 (decimal 352)
   defining Unicode char U+0161 (decimal 353)
   defining Unicode char U+0162 (decimal 354)
   defining Unicode char U+0163 (decimal 355)
   defining Unicode char U+0164 (decimal 356)
   defining Unicode char U+0165 (decimal 357)
   defining Unicode char U+0168 (decimal 360)
   defining Unicode char U+0169 (decimal 361)
   defining Unicode char U+016A (decimal 362)
   defining Unicode char U+016B (decimal 363)
   defining Unicode char U+016C (decimal 364)
   defining Unicode char U+016D (decimal 365)
   defining Unicode char U+016E (decimal 366)
   defining Unicode char U+016F (decimal 367)
   defining Unicode char U+0170 (decimal 368)
   defining Unicode char U+0171 (decimal 369)
   defining Unicode char U+0172 (decimal 370)
   defining Unicode char U+0173 (decimal 371)
   defining Unicode char U+0174 (decimal 372)
   defining Unicode char U+0175 (decimal 373)
   defining Unicode char U+0176 (decimal 374)
   defining Unicode char U+0177 (decimal 375)
   defining Unicode char U+0178 (decimal 376)
   defining Unicode char U+0179 (decimal 377)
   defining Unicode char U+017A (decimal 378)
   defining Unicode char U+017B (decimal 379)
   defining Unicode char U+017C (decimal 380)
   defining Unicode char U+017D (decimal 381)
   defining Unicode char U+017E (decimal 382)
   defining Unicode char U+01C4 (decimal 452)
   defining Unicode char U+01C5 (decimal 453)
   defining Unicode char U+01C6 (decimal 454)
   defining Unicode char U+01C7 (decimal 455)
   defining Unicode char U+01C8 (decimal 456)
   defining Unicode char U+01C9 (decimal 457)
   defining Unicode char U+01CA (decimal 458)
   defining Unicode char U+01CB (decimal 459)
   defining Unicode char U+01CC (decimal 460)
   defining Unicode char U+01CD (decimal 461)
   defining Unicode char U+01CE (decimal 462)
   defining Unicode char U+01CF (decimal 463)
   defining Unicode char U+01D0 (decimal 464)
   defining Unicode char U+01D1 (decimal 465)
   defining Unicode char U+01D2 (decimal 466)
   defining Unicode char U+01D3 (decimal 467)
   defining Unicode char U+01D4 (decimal 468)
   defining Unicode char U+01E2 (decimal 482)
   defining Unicode char U+01E3 (decimal 483)
   defining Unicode char U+01E6 (decimal 486)
   defining Unicode char U+01E7 (decimal 487)
   defining Unicode char U+01E8 (decimal 488)
   defining Unicode char U+01E9 (decimal 489)
   defining Unicode char U+01EA (decimal 490)
   defining Unicode char U+01EB (decimal 491)
   defining Unicode char U+01F0 (decimal 496)
   defining Unicode char U+01F4 (decimal 500)
   defining Unicode char U+01F5 (decimal 501)
   defining Unicode char U+0218 (decimal 536)
   defining Unicode char U+0219 (decimal 537)
   defining Unicode char U+021A (decimal 538)
   defining Unicode char U+021B (decimal 539)
   defining Unicode char U+0232 (decimal 562)
   defining Unicode char U+0233 (decimal 563)
   defining Unicode char U+0237 (decimal 567)
   defining Unicode char U+02D9 (decimal 729)
   defining Unicode char U+02DB (decimal 731)
   defining Unicode char U+1E02 (decimal 7682)
   defining Unicode char U+1E03 (decimal 7683)
   defining Unicode char U+1E0D (decimal 7693)
   defining Unicode char U+1E1E (decimal 7710)
   defining Unicode char U+1E1F (decimal 7711)
   defining Unicode char U+1E25 (decimal 7717)
   defining Unicode char U+1E30 (decimal 7728)
   defining Unicode char U+1E31 (decimal 7729)
   defining Unicode char U+1E37 (decimal 7735)
   defining Unicode char U+1E8E (decimal 7822)
   defining Unicode char U+1E8F (decimal 7823)
   defining Unicode char U+1E43 (decimal 7747)
   defining Unicode char U+1E45 (decimal 7749)
   defining Unicode char U+1E47 (decimal 7751)
   defining Unicode char U+1E5B (decimal 7771)
   defining Unicode char U+1E63 (decimal 7779)
   defining Unicode char U+1E6D (decimal 7789)
   defining Unicode char U+1E90 (decimal 7824)
   defining Unicode char U+1E91 (decimal 7825)
   defining Unicode char U+1E9E (decimal 7838)
   defining Unicode char U+1EF2 (decimal 7922)
   defining Unicode char U+1EF3 (decimal 7923)
   defining Unicode char U+200C (decimal 8204)
   defining Unicode char U+2010 (decimal 8208)
   defining Unicode char U+2011 (decimal 8209)
   defining Unicode char U+2012 (decimal 8210)
   defining Unicode char U+2013 (decimal 8211)
   defining Unicode char U+2014 (decimal 8212)
   defining Unicode char U+2015 (decimal 8213)
   defining Unicode char U+2018 (decimal 8216)
   defining Unicode char U+2019 (decimal 8217)
   defining Unicode char U+201A (decimal 8218)
   defining Unicode char U+201C (decimal 8220)
   defining Unicode char U+201D (decimal 8221)
   defining Unicode char U+201E (decimal 8222)
   defining Unicode char U+2030 (decimal 8240)
   defining Unicode char U+2031 (decimal 8241)
   defining Unicode char U+2039 (decimal 8249)
   defining Unicode char U+203A (decimal 8250)
   defining Unicode char U+2423 (decimal 9251)
   defining Unicode char U+1E20 (decimal 7712)
   defining Unicode char U+1E21 (decimal 7713)
   defining Unicode char U+FB00 (decimal 64256)
   defining Unicode char U+FB01 (decimal 64257)
   defining Unicode char U+FB02 (decimal 64258)
   defining Unicode char U+FB03 (decimal 64259)
   defining Unicode char U+FB04 (decimal 64260)
   defining Unicode char U+FB05 (decimal 64261)
   defining Unicode char U+FB06 (decimal 64262)
)
Now handling font encoding TS1 ...
... processing UTF-8 mapping file for font encoding TS1

(C:\Users\User\AppData\Local\Programs\MiKTeX\tex/latex/base\ts1enc.dfu
File: ts1enc.dfu 2022/06/07 v1.3c UTF-8 support
   defining Unicode char U+00A2 (decimal 162)
   defining Unicode char U+00A3 (decimal 163)
   defining Unicode char U+00A4 (decimal 164)
   defining Unicode char U+00A5 (decimal 165)
   defining Unicode char U+00A6 (decimal 166)
   defining Unicode char U+00A7 (decimal 167)
   defining Unicode char U+00A8 (decimal 168)
   defining Unicode char U+00A9 (decimal 169)
   defining Unicode char U+00AA (decimal 170)
   defining Unicode char U+00AC (decimal 172)
   defining Unicode char U+00AE (decimal 174)
   defining Unicode char U+00AF (decimal 175)
   defining Unicode char U+00B0 (decimal 176)
   defining Unicode char U+00B1 (decimal 177)
   defining Unicode char U+00B2 (decimal 178)
   defining Unicode char U+00B3 (decimal 179)
   defining Unicode char U+00B4 (decimal 180)
   defining Unicode char U+00B5 (decimal 181)
   defining Unicode char U+00B6 (decimal 182)
   defining Unicode char U+00B7 (decimal 183)
   defining Unicode char U+00B9 (decimal 185)
   defining Unicode char U+00BA (decimal 186)
   defining Unicode char U+00BC (decimal 188)
   defining Unicode char U+00BD (decimal 189)
   defining Unicode char U+00BE (decimal 190)
   defining Unicode char U+00D7 (decimal 215)
   defining Unicode char U+00F7 (decimal 247)
   defining Unicode char U+0192 (decimal 402)
   defining Unicode char U+02C7 (decimal 711)
   defining Unicode char U+02D8 (decimal 728)
   defining Unicode char U+02DD (decimal 733)
   defining Unicode char U+0E3F (decimal 3647)
   defining Unicode char U+2016 (decimal 8214)
   defining Unicode char U+2020 (decimal 8224)
   defining Unicode char U+2021 (decimal 8225)
   defining Unicode char U+2022 (decimal 8226)
   defining Unicode char U+2030 (decimal 8240)
   defining Unicode char U+2031 (decimal 8241)
   defining Unicode char U+203B (decimal 8251)
   defining Unicode char U+203D (decimal 8253)
   defining Unicode char U+2044 (decimal 8260)
   defining Unicode char U+204E (decimal 8270)
   defining Unicode char U+2052 (decimal 8274)
   defining Unicode char U+20A1 (decimal 8353)
   defining Unicode char U+20A4 (decimal 8356)
   defining Unicode char U+20A6 (decimal 8358)
   defining Unicode char U+20A9 (decimal 8361)
   defining Unicode char U+20AB (decimal 8363)
   defining Unicode char U+20AC (decimal 8364)
   defining Unicode char U+20B1 (decimal 8369)
   defining Unicode char U+2103 (decimal 8451)
   defining Unicode char U+2116 (decimal 8470)
   defining Unicode char U+2117 (decimal 8471)
   defining Unicode char U+211E (decimal 8478)
   defining Unicode char U+2120 (decimal 8480)
   defining Unicode char U+2122 (decimal 8482)
   defining Unicode char U+2126 (decimal 8486)
   defining Unicode char U+2127 (decimal 8487)
   defining Unicode char U+212E (decimal 8494)
   defining Unicode char U+2190 (decimal 8592)
   defining Unicode char U+2191 (decimal 8593)
   defining Unicode char U+2192 (decimal 8594)
   defining Unicode char U+2193 (decimal 8595)
   defining Unicode char U+2329 (decimal 9001)
   defining Unicode char U+3008 (decimal 12296)
   defining Unicode char U+232A (decimal 9002)
   defining Unicode char U+3009 (decimal 12297)
   defining Unicode char U+2422 (decimal 9250)
   defining Unicode char U+25E6 (decimal 9702)
   defining Unicode char U+25EF (decimal 9711)
   defining Unicode char U+266A (decimal 9834)
   defining Unicode char U+27E8 (decimal 10216)
   defining Unicode char U+27E9 (decimal 10217)
   defining Unicode char U+FEFF (decimal 65279)
)
Now handling font encoding OMX ...
... no UTF-8 mapping file for font encoding OMX
Now handling font encoding U ...
... no UTF-8 mapping file for font encoding U
Now handling font encoding LS1 ...
... no UTF-8 mapping file for font encoding LS1
Now handling font encoding LS2 ...
... no UTF-8 mapping file for font encoding LS2
Now handling font encoding PD1 ...
... no UTF-8 mapping file for font encoding PD1
Now handling font encoding PU ...
... no UTF-8 mapping file for font encoding PU
   defining Unicode char U+00A9 (decimal 169)
   defining Unicode char U+00AA (decimal 170)
   defining Unicode char U+00AE (decimal 174)
   defining Unicode char U+00BA (decimal 186)
   defining Unicode char U+02C6 (decimal 710)
   defining Unicode char U+02DC (decimal 732)
   defining Unicode char U+200C (decimal 8204)
   defining Unicode char U+2026 (decimal 8230)
   defining Unicode char U+2122 (decimal 8482)
   defining Unicode char U+2423 (decimal 9251)
   defining Unicode char U+FEFF (decimal 65279)
)
LaTeX Font Info:    Trying to load font information for T1+stix2 on input line 
84.

(C:\Program Files\MiKTeX\tex/fonts/stix2-type1\t1stix2.fd
File: t1stix2.fd 2018/04/02 v2.0.0-latex stix2 T1 font definitions
)
(C:\Users\User\AppData\Local\Programs\MiKTeX\tex/latex/l3backend\l3backend-pdft
ex.def
File: l3backend-pdftex.def 2025-06-09 L3 backend support: PDF output (pdfTeX)
\l__color_backend_stack_int=\count366
)
No file memostrack_thesis.aux.
\openout1 = `memostrack_thesis.aux'.

LaTeX Font Info:    Checking defaults for OML/cmm/m/it on input line 84.
LaTeX Font Info:    ... okay on input line 84.
LaTeX Font Info:    Checking defaults for OMS/cmsy/m/n on input line 84.
LaTeX Font Info:    ... okay on input line 84.
LaTeX Font Info:    Checking defaults for OT1/cmr/m/n on input line 84.
LaTeX Font Info:    ... okay on input line 84.
LaTeX Font Info:    Checking defaults for T1/cmr/m/n on input line 84.
LaTeX Font Info:    ... okay on input line 84.
LaTeX Font Info:    Checking defaults for TS1/cmr/m/n on input line 84.
LaTeX Font Info:    ... okay on input line 84.
LaTeX Font Info:    Checking defaults for OMX/cmex/m/n on input line 84.
LaTeX Font Info:    ... okay on input line 84.
LaTeX Font Info:    Checking defaults for U/cmr/m/n on input line 84.
LaTeX Font Info:    ... okay on input line 84.
LaTeX Font Info:    Checking defaults for LS1/stix2/m/n on input line 84.
LaTeX Font Info:    Trying to load font information for LS1+stix2 on input line
 84.
(C:\Program Files\MiKTeX\tex/fonts/stix2-type1\ls1stix2.fd
File: ls1stix2.fd 2018/04/02 v2.0.0-latex stix2 LS1 font definitions
)
LaTeX Font Info:    ... okay on input line 84.
LaTeX Font Info:    Checking defaults for LS2/stix2/m/n on input line 84.
LaTeX Font Info:    Trying to load font information for LS2+stix2 on input line
 84.

(C:\Program Files\MiKTeX\tex/fonts/stix2-type1\ls2stix2.fd
File: ls2stix2.fd 2018/04/02 v2.0.0-latex stix2 LS2 font definitions
)
LaTeX Font Info:    ... okay on input line 84.
LaTeX Font Info:    Checking defaults for PD1/pdf/m/n on input line 84.
LaTeX Font Info:    ... okay on input line 84.
LaTeX Font Info:    Checking defaults for PU/pdf/m/n on input line 84.
LaTeX Font Info:    ... okay on input line 84.
\c@mv@tabular=\count367
\c@mv@boldtabular=\count368

*geometry* driver: auto-detecting
*geometry* detected driver: pdftex
*geometry* verbose mode - [ preamble ] result:
* driver: pdftex
* paper: a4paper
* layout: <same size as paper>
* layoutoffset:(h,v)=(0.0pt,0.0pt)
* modes: 
* h-part:(L,W,R)=(85.35826pt, 441.01773pt, 71.13188pt)
* v-part:(T,H,B)=(71.13188pt, 702.78308pt, 71.13188pt)
* \paperwidth=597.50787pt
* \paperheight=845.04684pt
* \textwidth=441.01773pt
* \textheight=702.78308pt
* \oddsidemargin=13.08827pt
* \evensidemargin=13.08827pt
* \topmargin=-38.1381pt
* \headheight=12.0pt
* \headsep=25.0pt
* \topskip=12.0pt
* \footskip=30.0pt
* \marginparwidth=44.0pt
* \marginparsep=10.0pt
* \columnsep=10.0pt
* \skip\footins=10.8pt plus 4.0pt minus 2.0pt
* \hoffset=0.0pt
* \voffset=0.0pt
* \mag=1000
* \@twocolumnfalse
* \@twosidefalse
* \@mparswitchfalse
* \@reversemarginfalse
* (1in=72.27pt=25.4mm, 1cm=28.453pt)


(C:\Users\User\AppData\Local\Programs\MiKTeX\tex/context/base/mkii\supp-pdf.mki
i
[Loading MPS to PDF converter (version 2006.09.02).]
\scratchcounter=\count369
\scratchdimen=\dimen294
\scratchbox=\box77
\nofMPsegments=\count370
\nofMParguments=\count371
\everyMPshowfont=\toks43
\MPscratchCnt=\count372
\MPscratchDim=\dimen295
\MPnumerator=\count373
\makeMPintoPDFobject=\count374
\everyMPtoPDFconversion=\toks44
)
(C:\Users\User\AppData\Local\Programs\MiKTeX\tex/latex/epstopdf-pkg\epstopdf-ba
se.sty
Package: epstopdf-base 2020-01-24 v2.11 Base part for package epstopdf
Package epstopdf-base Info: Redefining graphics rule for `.eps' on input line 4
85.

(C:\Users\User\AppData\Local\Programs\MiKTeX\tex/latex/00miktex\epstopdf-sys.cf
g
File: epstopdf-sys.cfg 2021/03/18 v2.0 Configuration of epstopdf for MiKTeX
)) (C:\Program Files\MiKTeX\tex/latex/pdflscape\pdflscape.sty
Package: pdflscape 2022-10-27 v0.13 Display of landscape pages in PDF

(C:\Program Files\MiKTeX\tex/latex/pdflscape\pdflscape-nometadata.sty
Package: pdflscape-nometadata 2022-10-28 v0.13 Display of landscape pages in PD
F (HO)

(C:\Users\User\AppData\Local\Programs\MiKTeX\tex/latex/graphics\lscape.sty
Package: lscape 2020/05/28 v3.02 Landscape Pages (DPC)
)
Package pdflscape Info: Auto-detected driver: pdftex on input line 81.
))
Package caption Info: Begin \AtBeginDocument code.
Package caption Info: float package is loaded.
Package caption Info: hyperref package is loaded.
Package caption Info: longtable package is loaded.

(C:\Program Files\MiKTeX\tex/latex/caption\ltcaption.sty
Package: ltcaption 2021/01/08 v1.4c longtable captions (AR)
)
Package caption Info: End \AtBeginDocument code.
LaTeX Info: Command `\dddot' is already robust on input line 84.
LaTeX Info: Command `\ddddot' is already robust on input line 84.
Package hyperref Info: Link coloring OFF on input line 84.
\@outlinefile=\write5
\openout5 = `memostrack_thesis.out'.

Package microtype Info: Patching varwidth to enable character protrusion.
\MT@vwid@leftmargin=\dimen296
\MT@vwid@rightmargin=\dimen297
LaTeX Info: Redefining \microtypecontext on input line 84.
Package microtype Info: Applying patch `item' on input line 84.
Package microtype Info: Applying patch `toc' on input line 84.
Package microtype Info: Applying patch `eqnum' on input line 84.
Package microtype Info: Applying patch `footnote' on input line 84.
Package microtype Info: Applying patch `verbatim' on input line 84.
LaTeX Info: Redefining \microtypesetup on input line 84.
Package microtype Info: Generating PDF output.
Package microtype Info: Character protrusion enabled (level 2).
Package microtype Info: Using default protrusion set `alltext'.
Package microtype Info: No font expansion.
Package microtype Info: No adjustment of tracking.
Package microtype Info: No adjustment of interword spacing.
Package microtype Info: No adjustment of character kerning.

(C:\Users\User\AppData\Local\Programs\MiKTeX\tex/latex/microtype\mt-ptm.cfg
File: mt-ptm.cfg 2006/04/20 v1.7 microtype config. file: Times (RS)
)
LaTeX Font Info:    Trying to load font information for T1+opensans-TLF on inpu
t line 86.

(C:\Program Files\MiKTeX\tex/latex/opensans\t1opensans-tlf.fd
File: T1opensans-TLF.fd 2019/06/24 Font definitions for T1/opensans-TLF.
)
LaTeX Font Info:    Font shape `T1/opensans-TLF/bx/n' in size <18> not availabl
e
(Font)              Font shape `T1/opensans-TLF/b/n' tried instead on input lin
e 86.
LaTeX Font Info:    Font shape `T1/opensans-TLF/b/n' will be
(Font)              scaled to size 18.0pt on input line 86.
Package microtype Info: Loading generic protrusion settings for font family
(microtype)             `opensans-TLF' (encoding: T1).
(microtype)             For optimal results, create family-specific settings.
(microtype)             See the microtype manual for details.

No file memostrack_thesis.toc.
\tf@toc=\write6
\openout6 = `memostrack_thesis.toc'.



[1



{C:/Program Files/MiKTeX/fonts/enc/dvips/opensans/a_jg4h6q.enc}{C:/Program File
s/MiKTeX/fonts/enc/dvips/stix2-type1/stix2-t1.enc}]

LaTeX Warning: Citation `ye2022ostrack' on page 1 undefined on input line 94.


LaTeX Warning: Citation `cho2014gru' on page 1 undefined on input line 94.



[1


]
LaTeX Font Info:    Trying to load font information for TS1+stix2 on input line
 105.
 (C:\Program Files\MiKTeX\tex/fonts/stix2-type1\ts1stix2.fd
File: ts1stix2.fd 2018/04/02 v2.0.0-latex stix2 TS1 font definitions
)
Package microtype Info: Character `textflorin ' is missing
(microtype)             in font `TS1/stix2/m/n/12'.
(microtype)             Ignoring protrusion settings for this character.


[2{C:/Program Files/MiKTeX/fonts/enc/dvips/stix2-type1/stix2-ts1.enc}]
Chapter 1.
LaTeX Font Info:    Font shape `T1/opensans-TLF/bx/n' in size <16> not availabl
e
(Font)              Font shape `T1/opensans-TLF/b/n' tried instead on input lin
e 123.
LaTeX Font Info:    Font shape `T1/opensans-TLF/b/n' will be
(Font)              scaled to size 16.0pt on input line 123.
LaTeX Font Info:    Trying to load font information for LS1+stix2scr on input l
ine 129.
(C:\Program Files\MiKTeX\tex/fonts/stix2-type1\ls1stix2scr.fd
File: ls1stix2scr.fd 2018/04/02 v2.0.0-latex stix2 script LS1 font definitions
)
LaTeX Font Info:    Trying to load font information for LS2+stix2ex on input li
ne 129.

(C:\Program Files\MiKTeX\tex/fonts/stix2-type1\ls2stix2ex.fd
File: ls2stix2ex.fd 2018/04/02 v2.0.0-latex stix2 extentions LS2 font definitio
ns
)
LaTeX Font Info:    Trying to load font information for LS1+stix2frak on input 
line 129.

(C:\Program Files\MiKTeX\tex/fonts/stix2-type1\ls1stix2frak.fd
File: ls1stix2frak.fd 2018/04/02 v2.0.0-latex stix2 fraktur LS1 font definition
s
)
LaTeX Font Info:    Trying to load font information for LS1+stix2bb on input li
ne 129.

(C:\Program Files\MiKTeX\tex/fonts/stix2-type1\ls1stix2bb.fd
File: ls1stix2bb.fd 2018/04/02 v2.0.0-latex stix2 blackboard LS1 font definitio
ns
)
LaTeX Font Info:    Trying to load font information for LS2+stix2cal on input l
ine 129.

(C:\Program Files\MiKTeX\tex/fonts/stix2-type1\ls2stix2cal.fd
File: ls2stix2cal.fd 2018/04/02 v2.0.0-latex stix2 calligraphic LS2 font defini
tions
)
LaTeX Font Info:    Trying to load font information for LS1+stix2sf on input li
ne 129.

(C:\Program Files\MiKTeX\tex/fonts/stix2-type1\ls1stix2sf.fd
File: ls1stix2sf.fd 2018/04/02 v2.0.0-latex stix2 sans-serif LS1 font definitio
ns
)
LaTeX Font Info:    Trying to load font information for LS2+stix2tt on input li
ne 129.

(C:\Program Files\MiKTeX\tex/fonts/stix2-type1\ls2stix2tt.fd
File: ls2stix2tt.fd 2018/04/02 v2.0.0-latex stix2 typewriter LS2 font definitio
ns
)
LaTeX Font Info:    Trying to load font information for U+msa on input line 129
.

(C:\Users\User\AppData\Local\Programs\MiKTeX\tex/latex/amsfonts\umsa.fd
File: umsa.fd 2013/01/14 v3.01 AMS symbols A
)
(C:\Users\User\AppData\Local\Programs\MiKTeX\tex/latex/microtype\mt-msa.cfg
File: mt-msa.cfg 2006/02/04 v1.1 microtype config. file: AMS symbols (a) (RS)
)
LaTeX Font Info:    Trying to load font information for U+msb on input line 129
.

(C:\Users\User\AppData\Local\Programs\MiKTeX\tex/latex/amsfonts\umsb.fd
File: umsb.fd 2013/01/14 v3.01 AMS symbols B
)
(C:\Users\User\AppData\Local\Programs\MiKTeX\tex/latex/microtype\mt-msb.cfg
File: mt-msb.cfg 2005/06/01 v1.0 microtype config. file: AMS symbols (b) (RS)
)

LaTeX Warning: Citation `comaniciu2000mean' on page 3 undefined on input line 1
33.


LaTeX Warning: Citation `lucas1981iterative' on page 3 undefined on input line 
133.


LaTeX Warning: Citation `shi1994good' on page 3 undefined on input line 133.


LaTeX Warning: Citation `isard1998condensation' on page 3 undefined on input li
ne 133.


LaTeX Warning: Citation `matthews2004template' on page 3 undefined on input lin
e 133.


LaTeX Warning: Citation `bolme2010mosse' on page 3 undefined on input line 133.



LaTeX Warning: Citation `henriques2012csk' on page 3 undefined on input line 13
3.


LaTeX Warning: Citation `henriques2015kcf' on page 3 undefined on input line 13
3.


LaTeX Warning: Citation `danelljan2014dsst' on page 3 undefined on input line 1
33.


LaTeX Warning: Citation `danelljan2017eco' on page 3 undefined on input line 13
3.



[3

{C:/Program Files/MiKTeX/fonts/enc/dvips/stix2-type1/stix2-mathit.enc}{C:/Progr
am Files/MiKTeX/fonts/enc/dvips/stix2-type1/stix2-mathrm.enc}]

LaTeX Warning: Reference `tab:tracking-challenges' on page 4 undefined on input
 line 135.


Overfull \hbox (4.57915pt too wide) in paragraph at lines 159--159
[]|\T1/stix2/m/n/12 Deformation|  
 []


Overfull \hbox (1.12314pt too wide) in paragraph at lines 160--160
[]|\T1/stix2/m/n/12 Background 
 []


LaTeX Warning: Citation `bertinetto2016siamfc' on page 4 undefined on input lin
e 171.


LaTeX Warning: Citation `li2018siamrpn' on page 4 undefined on input line 173.



[4]

LaTeX Warning: Citation `yan2021stark' on page 5 undefined on input line 181.


LaTeX Warning: Citation `ye2022ostrack' on page 5 undefined on input line 183.



[5]

LaTeX Warning: Citation `bhat2019dimp' on page 6 undefined on input line 207.


LaTeX Warning: Citation `vaswani2017attention' on page 6 undefined on input lin
e 226.



[6]

LaTeX Warning: Citation `borsuk2022fear' on page 7 undefined on input line 241.



LaTeX Warning: Citation `huang2021got10k' on page 7 undefined on input line 261
.



[7]

LaTeX Warning: Citation `huang2021got10k' on page 8 undefined on input line 286
.


LaTeX Warning: Reference `eq:iou' on page 8 undefined on input line 303.



[8{C:/Program Files/MiKTeX/fonts/enc/dvips/stix2-type1/stix2-mathex.enc}{C:/Pro
gram Files/MiKTeX/fonts/enc/dvips/stix2-type1/stix2-mathscr.enc}]

[9]

[10]
Chapter 2.

LaTeX Warning: Citation `ye2022ostrack' on page 11 undefined on input line 355.



LaTeX Warning: Citation `ye2022ostrack' on page 11 undefined on input line 368.




[11

]

LaTeX Warning: Citation `dosovitskiy2021vit' on page 12 undefined on input line
 386.


LaTeX Warning: Citation `ye2022ostrack' on page 12 undefined on input line 387.


<vit_example.png, id=77, 963.6pt x 914.41624pt>
File: vit_example.png Graphic file (type png)
<use vit_example.png>
Package pdftex.def Info: vit_example.png  used on input line 391.
(pdftex.def)             Requested size: 286.65883pt x 272.02477pt.

LaTeX Warning: Citation `zhang2024vitfigure' on page 12 undefined on input line
 394.


LaTeX Warning: Citation `zhang2024vitfigure' on page 12 undefined on input line
 394.



[12 <./vit_example.png>]

[13{C:/Program Files/MiKTeX/fonts/enc/dvips/stix2-type1/stix2-mathbb.enc}]

LaTeX Warning: Citation `ye2022ostrack' on page 14 undefined on input line 495.




[14]

[15]

LaTeX Warning: Citation `ye2022ostrack' on page 16 undefined on input line 542.




[16]
Chapter 3.

Underfull \hbox (badness 10000) in paragraph at lines 553--553
[]\T1/opensans-TLF/b/n/18 Proposed Memory-Augmented
 []



[17

]
Underfull \hbox (badness 1622) in paragraph at lines 613--620
[]\T1/stix2/m/n/12 In the CE-enabled back-bone, mem-ory to-kens are in-ten-tion
-ally ex-cluded from
 []

<memostrack_backbone_layers_no-gru.png, id=121, 1145.27875pt x 975.645pt>
File: memostrack_backbone_layers_no-gru.png Graphic file (type png)
<use memostrack_backbone_layers_no-gru.png>
Package pdftex.def Info: memostrack_backbone_layers_no-gru.png  used on input l
ine 623.
(pdftex.def)             Requested size: 396.91325pt x 338.13126pt.

LaTeX Warning: Reference `direct-transformer-based-memory-update' on page 18 un
defined on input line 631.



[18]

[19 <./memostrack_backbone_layers_no-gru.png>]

LaTeX Warning: Reference `eq:vit-attention-residual' on page 20 undefined on in
put line 641.



[20]

LaTeX Warning: Citation `cho2014gru' on page 21 undefined on input line 681.



[21]

[22]
<memostrack_backbone_layers-gru.png, id=153, 1315.91624pt x 1054.94125pt>
File: memostrack_backbone_layers-gru.png Graphic file (type png)
<use memostrack_backbone_layers-gru.png>
Package pdftex.def Info: memostrack_backbone_layers-gru.png  used on input line
 750.
(pdftex.def)             Requested size: 396.91325pt x 318.19112pt.


[23 <./memostrack_backbone_layers-gru.png>]
Chapter 4.


[24

]

[25]

[26]

[27]
Chapter 5.


[28

]

[29{C:/Program Files/MiKTeX/fonts/enc/dvips/stix2-type1/stix2-mathcal.enc}]

LaTeX Warning: Citation `bhat2019dimp' on page 30 undefined on input line 953.


LaTeX Warning: Citation `bhat2019dimp' on page 30 undefined on input line 955.



[30]

[31]
Package microtype Info: Loading generic protrusion settings for font family
(microtype)             `cmtt' (encoding: T1).
(microtype)             For optimal results, create family-specific settings.
(microtype)             See the microtype manual for details.


[32]

[33]

[34]
Chapter 6.

LaTeX Warning: Citation `huang2021got10k' on page 35 undefined on input line 10
79.


LaTeX Warning: Citation `he2022mae' on page 35 undefined on input line 1085.



[35

]

[36]
Chapter 7.

LaTeX Warning: Reference `tab:got10k-results' on page 37 undefined on input lin
e 1115.


LaTeX Warning: Citation `ye2022ostrack' on page 37 undefined on input line 1115
.


Package longtable Warning: Column widths have changed
(longtable)                in table 7.1 on input line 1128.


LaTeX Warning: Reference `tab:speed-comparison' on page 37 undefined on input l
ine 1135.



[37

]

Package longtable Warning: Column widths have changed
(longtable)                in table 7.2 on input line 1148.


LaTeX Warning: Reference `fig:train-metrics' on page 38 undefined on input line
 1158.


LaTeX Warning: Reference `fig:validation-metrics' on page 38 undefined on input
 line 1158.

<ostrack-vitb_256_mae_ce_32x4_got10k_ep100_train_epoch_metrics.png, id=246, 722
.7pt x 578.16pt>
File: ostrack-vitb_256_mae_ce_32x4_got10k_ep100_train_epoch_metrics.png Graphic
 file (type png)
<use ostrack-vitb_256_mae_ce_32x4_got10k_ep100_train_epoch_metrics.png>
Package pdftex.def Info: ostrack-vitb_256_mae_ce_32x4_got10k_ep100_train_epoch_
metrics.png  used on input line 1163.
(pdftex.def)             Requested size: 396.91325pt x 317.53023pt.
<ostrack-vitb_256_mae_ce_32x4_got10k_ep100_val_test_epoch_metrics.png, id=247, 
722.7pt x 578.16pt>
File: ostrack-vitb_256_mae_ce_32x4_got10k_ep100_val_test_epoch_metrics.png Grap
hic file (type png)
<use ostrack-vitb_256_mae_ce_32x4_got10k_ep100_val_test_epoch_metrics.png>
Package pdftex.def Info: ostrack-vitb_256_mae_ce_32x4_got10k_ep100_val_test_epo
ch_metrics.png  used on input line 1170.
(pdftex.def)             Requested size: 396.91325pt x 317.53023pt.


[38]

[39 <./ostrack-vitb_256_mae_ce_32x4_got10k_ep100_train_epoch_metrics.png> <./os
track-vitb_256_mae_ce_32x4_got10k_ep100_val_test_epoch_metrics.png>]

LaTeX Warning: Reference `fig:validation-metrics' on page 40 undefined on input
 line 1183.


LaTeX Warning: Reference `tab:got10k-results' on page 40 undefined on input lin
e 1186.



[40]

[41]
Chapter 8.
<frames/GOT-10k_Test_000030/00000005.jpg, id=272, 1927.2pt x 1084.05pt>
File: frames/GOT-10k_Test_000030/00000005.jpg Graphic file (type jpg)
<use frames/GOT-10k_Test_000030/00000005.jpg>
Package pdftex.def Info: frames/GOT-10k_Test_000030/00000005.jpg  used on input
 line 1225.
(pdftex.def)             Requested size: 103.63943pt x 58.29135pt.
<frames/GOT-10k_Test_000030/00000010.jpg, id=273, 1927.2pt x 1084.05pt>
File: frames/GOT-10k_Test_000030/00000010.jpg Graphic file (type jpg)
<use frames/GOT-10k_Test_000030/00000010.jpg>
Package pdftex.def Info: frames/GOT-10k_Test_000030/00000010.jpg  used on input
 line 1225.
(pdftex.def)             Requested size: 103.63943pt x 58.29135pt.
<frames/GOT-10k_Test_000030/00000015.jpg, id=274, 1927.2pt x 1084.05pt>
File: frames/GOT-10k_Test_000030/00000015.jpg Graphic file (type jpg)
<use frames/GOT-10k_Test_000030/00000015.jpg>
Package pdftex.def Info: frames/GOT-10k_Test_000030/00000015.jpg  used on input
 line 1225.
(pdftex.def)             Requested size: 103.63943pt x 58.29135pt.
<frames/GOT-10k_Test_000030/00000020.jpg, id=275, 1927.2pt x 1084.05pt>
File: frames/GOT-10k_Test_000030/00000020.jpg Graphic file (type jpg)
<use frames/GOT-10k_Test_000030/00000020.jpg>
Package pdftex.def Info: frames/GOT-10k_Test_000030/00000020.jpg  used on input
 line 1225.
(pdftex.def)             Requested size: 103.63943pt x 58.29135pt.
<frames/GOT-10k_Test_000030/00000025.jpg, id=276, 1927.2pt x 1084.05pt>
File: frames/GOT-10k_Test_000030/00000025.jpg Graphic file (type jpg)
<use frames/GOT-10k_Test_000030/00000025.jpg>
Package pdftex.def Info: frames/GOT-10k_Test_000030/00000025.jpg  used on input
 line 1231.
(pdftex.def)             Requested size: 103.63943pt x 58.29135pt.
<frames/GOT-10k_Test_000030/00000030.jpg, id=277, 1927.2pt x 1084.05pt>
File: frames/GOT-10k_Test_000030/00000030.jpg Graphic file (type jpg)
<use frames/GOT-10k_Test_000030/00000030.jpg>
Package pdftex.def Info: frames/GOT-10k_Test_000030/00000030.jpg  used on input
 line 1231.
(pdftex.def)             Requested size: 103.63943pt x 58.29135pt.
<frames/GOT-10k_Test_000030/00000035.jpg, id=278, 1927.2pt x 1084.05pt>
File: frames/GOT-10k_Test_000030/00000035.jpg Graphic file (type jpg)
<use frames/GOT-10k_Test_000030/00000035.jpg>
Package pdftex.def Info: frames/GOT-10k_Test_000030/00000035.jpg  used on input
 line 1231.
(pdftex.def)             Requested size: 103.63943pt x 58.29135pt.
<frames/GOT-10k_Test_000030/00000040.jpg, id=279, 1927.2pt x 1084.05pt>
File: frames/GOT-10k_Test_000030/00000040.jpg Graphic file (type jpg)
<use frames/GOT-10k_Test_000030/00000040.jpg>
Package pdftex.def Info: frames/GOT-10k_Test_000030/00000040.jpg  used on input
 line 1231.
(pdftex.def)             Requested size: 103.63943pt x 58.29135pt.
<frames/GOT-10k_Test_000030/00000045.jpg, id=280, 1927.2pt x 1084.05pt>
File: frames/GOT-10k_Test_000030/00000045.jpg Graphic file (type jpg)
<use frames/GOT-10k_Test_000030/00000045.jpg>
Package pdftex.def Info: frames/GOT-10k_Test_000030/00000045.jpg  used on input
 line 1237.
(pdftex.def)             Requested size: 103.63943pt x 58.29135pt.
<frames/GOT-10k_Test_000030/00000050.jpg, id=281, 1927.2pt x 1084.05pt>
File: frames/GOT-10k_Test_000030/00000050.jpg Graphic file (type jpg)
<use frames/GOT-10k_Test_000030/00000050.jpg>
Package pdftex.def Info: frames/GOT-10k_Test_000030/00000050.jpg  used on input
 line 1237.
(pdftex.def)             Requested size: 103.63943pt x 58.29135pt.
<frames/GOT-10k_Test_000030/00000055.jpg, id=282, 1927.2pt x 1084.05pt>
File: frames/GOT-10k_Test_000030/00000055.jpg Graphic file (type jpg)
<use frames/GOT-10k_Test_000030/00000055.jpg>
Package pdftex.def Info: frames/GOT-10k_Test_000030/00000055.jpg  used on input
 line 1237.
(pdftex.def)             Requested size: 103.63943pt x 58.29135pt.
<frames/GOT-10k_Test_000030/00000060.jpg, id=283, 1927.2pt x 1084.05pt>
File: frames/GOT-10k_Test_000030/00000060.jpg Graphic file (type jpg)
<use frames/GOT-10k_Test_000030/00000060.jpg>
Package pdftex.def Info: frames/GOT-10k_Test_000030/00000060.jpg  used on input
 line 1237.
(pdftex.def)             Requested size: 103.63943pt x 58.29135pt.
<frames/GOT-10k_Test_000030/00000065.jpg, id=284, 1927.2pt x 1084.05pt>
File: frames/GOT-10k_Test_000030/00000065.jpg Graphic file (type jpg)
<use frames/GOT-10k_Test_000030/00000065.jpg>
Package pdftex.def Info: frames/GOT-10k_Test_000030/00000065.jpg  used on input
 line 1243.
(pdftex.def)             Requested size: 103.63943pt x 58.29135pt.
<frames/GOT-10k_Test_000030/00000070.jpg, id=285, 1927.2pt x 1084.05pt>
File: frames/GOT-10k_Test_000030/00000070.jpg Graphic file (type jpg)
<use frames/GOT-10k_Test_000030/00000070.jpg>
Package pdftex.def Info: frames/GOT-10k_Test_000030/00000070.jpg  used on input
 line 1243.
(pdftex.def)             Requested size: 103.63943pt x 58.29135pt.
<frames/GOT-10k_Test_000030/00000075.jpg, id=286, 1927.2pt x 1084.05pt>
File: frames/GOT-10k_Test_000030/00000075.jpg Graphic file (type jpg)
<use frames/GOT-10k_Test_000030/00000075.jpg>
Package pdftex.def Info: frames/GOT-10k_Test_000030/00000075.jpg  used on input
 line 1243.
(pdftex.def)             Requested size: 103.63943pt x 58.29135pt.
<frames/GOT-10k_Test_000030/00000080.jpg, id=287, 1927.2pt x 1084.05pt>
File: frames/GOT-10k_Test_000030/00000080.jpg Graphic file (type jpg)
<use frames/GOT-10k_Test_000030/00000080.jpg>
Package pdftex.def Info: frames/GOT-10k_Test_000030/00000080.jpg  used on input
 line 1243.
(pdftex.def)             Requested size: 103.63943pt x 58.29135pt.
<frames/GOT-10k_Test_000030/00000085.jpg, id=288, 1927.2pt x 1084.05pt>
File: frames/GOT-10k_Test_000030/00000085.jpg Graphic file (type jpg)
<use frames/GOT-10k_Test_000030/00000085.jpg>
Package pdftex.def Info: frames/GOT-10k_Test_000030/00000085.jpg  used on input
 line 1249.
(pdftex.def)             Requested size: 103.63943pt x 58.29135pt.
<frames/GOT-10k_Test_000030/00000090.jpg, id=289, 1927.2pt x 1084.05pt>
File: frames/GOT-10k_Test_000030/00000090.jpg Graphic file (type jpg)
<use frames/GOT-10k_Test_000030/00000090.jpg>
Package pdftex.def Info: frames/GOT-10k_Test_000030/00000090.jpg  used on input
 line 1249.
(pdftex.def)             Requested size: 103.63943pt x 58.29135pt.
<frames/GOT-10k_Test_000030/00000095.jpg, id=290, 1927.2pt x 1084.05pt>
File: frames/GOT-10k_Test_000030/00000095.jpg Graphic file (type jpg)
<use frames/GOT-10k_Test_000030/00000095.jpg>
Package pdftex.def Info: frames/GOT-10k_Test_000030/00000095.jpg  used on input
 line 1249.
(pdftex.def)             Requested size: 103.63943pt x 58.29135pt.
<frames/GOT-10k_Test_000030/00000100.jpg, id=291, 1927.2pt x 1084.05pt>
File: frames/GOT-10k_Test_000030/00000100.jpg Graphic file (type jpg)
<use frames/GOT-10k_Test_000030/00000100.jpg>
Package pdftex.def Info: frames/GOT-10k_Test_000030/00000100.jpg  used on input
 line 1249.
(pdftex.def)             Requested size: 103.63943pt x 58.29135pt.
<frames/GOT-10k_Test_000012/00000005.jpg, id=292, 1927.2pt x 1084.05pt>
File: frames/GOT-10k_Test_000012/00000005.jpg Graphic file (type jpg)
<use frames/GOT-10k_Test_000012/00000005.jpg>
Package pdftex.def Info: frames/GOT-10k_Test_000012/00000005.jpg  used on input
 line 1261.
(pdftex.def)             Requested size: 103.63943pt x 58.29135pt.
<frames/GOT-10k_Test_000012/00000010.jpg, id=293, 1927.2pt x 1084.05pt>
File: frames/GOT-10k_Test_000012/00000010.jpg Graphic file (type jpg)
<use frames/GOT-10k_Test_000012/00000010.jpg>
Package pdftex.def Info: frames/GOT-10k_Test_000012/00000010.jpg  used on input
 line 1261.
(pdftex.def)             Requested size: 103.63943pt x 58.29135pt.
<frames/GOT-10k_Test_000012/00000015.jpg, id=294, 1927.2pt x 1084.05pt>
File: frames/GOT-10k_Test_000012/00000015.jpg Graphic file (type jpg)
<use frames/GOT-10k_Test_000012/00000015.jpg>
Package pdftex.def Info: frames/GOT-10k_Test_000012/00000015.jpg  used on input
 line 1261.
(pdftex.def)             Requested size: 103.63943pt x 58.29135pt.
<frames/GOT-10k_Test_000012/00000020.jpg, id=295, 1927.2pt x 1084.05pt>
File: frames/GOT-10k_Test_000012/00000020.jpg Graphic file (type jpg)
<use frames/GOT-10k_Test_000012/00000020.jpg>
Package pdftex.def Info: frames/GOT-10k_Test_000012/00000020.jpg  used on input
 line 1261.
(pdftex.def)             Requested size: 103.63943pt x 58.29135pt.
<frames/GOT-10k_Test_000012/00000025.jpg, id=296, 1927.2pt x 1084.05pt>
File: frames/GOT-10k_Test_000012/00000025.jpg Graphic file (type jpg)
<use frames/GOT-10k_Test_000012/00000025.jpg>
Package pdftex.def Info: frames/GOT-10k_Test_000012/00000025.jpg  used on input
 line 1267.
(pdftex.def)             Requested size: 103.63943pt x 58.29135pt.
<frames/GOT-10k_Test_000012/00000030.jpg, id=297, 1927.2pt x 1084.05pt>
File: frames/GOT-10k_Test_000012/00000030.jpg Graphic file (type jpg)
<use frames/GOT-10k_Test_000012/00000030.jpg>
Package pdftex.def Info: frames/GOT-10k_Test_000012/00000030.jpg  used on input
 line 1267.
(pdftex.def)             Requested size: 103.63943pt x 58.29135pt.
<frames/GOT-10k_Test_000012/00000035.jpg, id=298, 1927.2pt x 1084.05pt>
File: frames/GOT-10k_Test_000012/00000035.jpg Graphic file (type jpg)
<use frames/GOT-10k_Test_000012/00000035.jpg>
Package pdftex.def Info: frames/GOT-10k_Test_000012/00000035.jpg  used on input
 line 1267.
(pdftex.def)             Requested size: 103.63943pt x 58.29135pt.
<frames/GOT-10k_Test_000012/00000040.jpg, id=299, 1927.2pt x 1084.05pt>
File: frames/GOT-10k_Test_000012/00000040.jpg Graphic file (type jpg)
<use frames/GOT-10k_Test_000012/00000040.jpg>
Package pdftex.def Info: frames/GOT-10k_Test_000012/00000040.jpg  used on input
 line 1267.
(pdftex.def)             Requested size: 103.63943pt x 58.29135pt.
<frames/GOT-10k_Test_000012/00000045.jpg, id=300, 1927.2pt x 1084.05pt>
File: frames/GOT-10k_Test_000012/00000045.jpg Graphic file (type jpg)
<use frames/GOT-10k_Test_000012/00000045.jpg>
Package pdftex.def Info: frames/GOT-10k_Test_000012/00000045.jpg  used on input
 line 1273.
(pdftex.def)             Requested size: 103.63943pt x 58.29135pt.
<frames/GOT-10k_Test_000012/00000050.jpg, id=301, 1927.2pt x 1084.05pt>
File: frames/GOT-10k_Test_000012/00000050.jpg Graphic file (type jpg)
<use frames/GOT-10k_Test_000012/00000050.jpg>
Package pdftex.def Info: frames/GOT-10k_Test_000012/00000050.jpg  used on input
 line 1273.
(pdftex.def)             Requested size: 103.63943pt x 58.29135pt.
<frames/GOT-10k_Test_000012/00000055.jpg, id=302, 1927.2pt x 1084.05pt>
File: frames/GOT-10k_Test_000012/00000055.jpg Graphic file (type jpg)
<use frames/GOT-10k_Test_000012/00000055.jpg>
Package pdftex.def Info: frames/GOT-10k_Test_000012/00000055.jpg  used on input
 line 1273.
(pdftex.def)             Requested size: 103.63943pt x 58.29135pt.
<frames/GOT-10k_Test_000012/00000060.jpg, id=303, 1927.2pt x 1084.05pt>
File: frames/GOT-10k_Test_000012/00000060.jpg Graphic file (type jpg)
<use frames/GOT-10k_Test_000012/00000060.jpg>
Package pdftex.def Info: frames/GOT-10k_Test_000012/00000060.jpg  used on input
 line 1273.
(pdftex.def)             Requested size: 103.63943pt x 58.29135pt.
<frames/GOT-10k_Test_000012/00000065.jpg, id=304, 1927.2pt x 1084.05pt>
File: frames/GOT-10k_Test_000012/00000065.jpg Graphic file (type jpg)
<use frames/GOT-10k_Test_000012/00000065.jpg>
Package pdftex.def Info: frames/GOT-10k_Test_000012/00000065.jpg  used on input
 line 1279.
(pdftex.def)             Requested size: 103.63943pt x 58.29135pt.
<frames/GOT-10k_Test_000012/00000070.jpg, id=305, 1927.2pt x 1084.05pt>
File: frames/GOT-10k_Test_000012/00000070.jpg Graphic file (type jpg)
<use frames/GOT-10k_Test_000012/00000070.jpg>
Package pdftex.def Info: frames/GOT-10k_Test_000012/00000070.jpg  used on input
 line 1279.
(pdftex.def)             Requested size: 103.63943pt x 58.29135pt.
<frames/GOT-10k_Test_000012/00000075.jpg, id=306, 1927.2pt x 1084.05pt>
File: frames/GOT-10k_Test_000012/00000075.jpg Graphic file (type jpg)
<use frames/GOT-10k_Test_000012/00000075.jpg>
Package pdftex.def Info: frames/GOT-10k_Test_000012/00000075.jpg  used on input
 line 1279.
(pdftex.def)             Requested size: 103.63943pt x 58.29135pt.
<frames/GOT-10k_Test_000012/00000080.jpg, id=307, 1927.2pt x 1084.05pt>
File: frames/GOT-10k_Test_000012/00000080.jpg Graphic file (type jpg)
<use frames/GOT-10k_Test_000012/00000080.jpg>
Package pdftex.def Info: frames/GOT-10k_Test_000012/00000080.jpg  used on input
 line 1279.
(pdftex.def)             Requested size: 103.63943pt x 58.29135pt.
<frames/GOT-10k_Test_000018/00000005.jpg, id=308, 1284.8pt x 722.7pt>
File: frames/GOT-10k_Test_000018/00000005.jpg Graphic file (type jpg)
<use frames/GOT-10k_Test_000018/00000005.jpg>
Package pdftex.def Info: frames/GOT-10k_Test_000018/00000005.jpg  used on input
 line 1291.
(pdftex.def)             Requested size: 103.63943pt x 58.29135pt.
<frames/GOT-10k_Test_000018/00000010.jpg, id=309, 1284.8pt x 722.7pt>
File: frames/GOT-10k_Test_000018/00000010.jpg Graphic file (type jpg)
<use frames/GOT-10k_Test_000018/00000010.jpg>
Package pdftex.def Info: frames/GOT-10k_Test_000018/00000010.jpg  used on input
 line 1291.
(pdftex.def)             Requested size: 103.63943pt x 58.29135pt.
<frames/GOT-10k_Test_000018/00000015.jpg, id=310, 1284.8pt x 722.7pt>
File: frames/GOT-10k_Test_000018/00000015.jpg Graphic file (type jpg)
<use frames/GOT-10k_Test_000018/00000015.jpg>
Package pdftex.def Info: frames/GOT-10k_Test_000018/00000015.jpg  used on input
 line 1291.
(pdftex.def)             Requested size: 103.63943pt x 58.29135pt.
<frames/GOT-10k_Test_000018/00000020.jpg, id=311, 1284.8pt x 722.7pt>
File: frames/GOT-10k_Test_000018/00000020.jpg Graphic file (type jpg)
<use frames/GOT-10k_Test_000018/00000020.jpg>
Package pdftex.def Info: frames/GOT-10k_Test_000018/00000020.jpg  used on input
 line 1291.
(pdftex.def)             Requested size: 103.63943pt x 58.29135pt.
<frames/GOT-10k_Test_000018/00000025.jpg, id=312, 1284.8pt x 722.7pt>
File: frames/GOT-10k_Test_000018/00000025.jpg Graphic file (type jpg)
<use frames/GOT-10k_Test_000018/00000025.jpg>
Package pdftex.def Info: frames/GOT-10k_Test_000018/00000025.jpg  used on input
 line 1297.
(pdftex.def)             Requested size: 103.63943pt x 58.29135pt.
<frames/GOT-10k_Test_000018/00000030.jpg, id=313, 1284.8pt x 722.7pt>
File: frames/GOT-10k_Test_000018/00000030.jpg Graphic file (type jpg)
<use frames/GOT-10k_Test_000018/00000030.jpg>
Package pdftex.def Info: frames/GOT-10k_Test_000018/00000030.jpg  used on input
 line 1297.
(pdftex.def)             Requested size: 103.63943pt x 58.29135pt.
<frames/GOT-10k_Test_000018/00000035.jpg, id=314, 1284.8pt x 722.7pt>
File: frames/GOT-10k_Test_000018/00000035.jpg Graphic file (type jpg)
<use frames/GOT-10k_Test_000018/00000035.jpg>
Package pdftex.def Info: frames/GOT-10k_Test_000018/00000035.jpg  used on input
 line 1297.
(pdftex.def)             Requested size: 103.63943pt x 58.29135pt.
<frames/GOT-10k_Test_000018/00000040.jpg, id=315, 1284.8pt x 722.7pt>
File: frames/GOT-10k_Test_000018/00000040.jpg Graphic file (type jpg)
<use frames/GOT-10k_Test_000018/00000040.jpg>
Package pdftex.def Info: frames/GOT-10k_Test_000018/00000040.jpg  used on input
 line 1297.
(pdftex.def)             Requested size: 103.63943pt x 58.29135pt.
<frames/GOT-10k_Test_000018/00000045.jpg, id=316, 1284.8pt x 722.7pt>
File: frames/GOT-10k_Test_000018/00000045.jpg Graphic file (type jpg)
<use frames/GOT-10k_Test_000018/00000045.jpg>
Package pdftex.def Info: frames/GOT-10k_Test_000018/00000045.jpg  used on input
 line 1303.
(pdftex.def)             Requested size: 103.63943pt x 58.29135pt.
<frames/GOT-10k_Test_000018/00000050.jpg, id=317, 1284.8pt x 722.7pt>
File: frames/GOT-10k_Test_000018/00000050.jpg Graphic file (type jpg)
<use frames/GOT-10k_Test_000018/00000050.jpg>
Package pdftex.def Info: frames/GOT-10k_Test_000018/00000050.jpg  used on input
 line 1303.
(pdftex.def)             Requested size: 103.63943pt x 58.29135pt.
<frames/GOT-10k_Test_000018/00000055.jpg, id=318, 1284.8pt x 722.7pt>
File: frames/GOT-10k_Test_000018/00000055.jpg Graphic file (type jpg)
<use frames/GOT-10k_Test_000018/00000055.jpg>
Package pdftex.def Info: frames/GOT-10k_Test_000018/00000055.jpg  used on input
 line 1303.
(pdftex.def)             Requested size: 103.63943pt x 58.29135pt.
<frames/GOT-10k_Test_000018/00000060.jpg, id=319, 1284.8pt x 722.7pt>
File: frames/GOT-10k_Test_000018/00000060.jpg Graphic file (type jpg)
<use frames/GOT-10k_Test_000018/00000060.jpg>
Package pdftex.def Info: frames/GOT-10k_Test_000018/00000060.jpg  used on input
 line 1303.
(pdftex.def)             Requested size: 103.63943pt x 58.29135pt.
<frames/GOT-10k_Test_000018/00000065.jpg, id=320, 1284.8pt x 722.7pt>
File: frames/GOT-10k_Test_000018/00000065.jpg Graphic file (type jpg)
<use frames/GOT-10k_Test_000018/00000065.jpg>
Package pdftex.def Info: frames/GOT-10k_Test_000018/00000065.jpg  used on input
 line 1309.
(pdftex.def)             Requested size: 103.63943pt x 58.29135pt.
<frames/GOT-10k_Test_000018/00000070.jpg, id=321, 1284.8pt x 722.7pt>
File: frames/GOT-10k_Test_000018/00000070.jpg Graphic file (type jpg)
<use frames/GOT-10k_Test_000018/00000070.jpg>
Package pdftex.def Info: frames/GOT-10k_Test_000018/00000070.jpg  used on input
 line 1309.
(pdftex.def)             Requested size: 103.63943pt x 58.29135pt.
<frames/GOT-10k_Test_000018/00000075.jpg, id=322, 1284.8pt x 722.7pt>
File: frames/GOT-10k_Test_000018/00000075.jpg Graphic file (type jpg)
<use frames/GOT-10k_Test_000018/00000075.jpg>
Package pdftex.def Info: frames/GOT-10k_Test_000018/00000075.jpg  used on input
 line 1309.
(pdftex.def)             Requested size: 103.63943pt x 58.29135pt.
<frames/GOT-10k_Test_000018/00000080.jpg, id=323, 1284.8pt x 722.7pt>
File: frames/GOT-10k_Test_000018/00000080.jpg Graphic file (type jpg)
<use frames/GOT-10k_Test_000018/00000080.jpg>
Package pdftex.def Info: frames/GOT-10k_Test_000018/00000080.jpg  used on input
 line 1309.
(pdftex.def)             Requested size: 103.63943pt x 58.29135pt.
<frames/GOT-10k_Test_000018/00000085.jpg, id=324, 1284.8pt x 722.7pt>
File: frames/GOT-10k_Test_000018/00000085.jpg Graphic file (type jpg)
<use frames/GOT-10k_Test_000018/00000085.jpg>
Package pdftex.def Info: frames/GOT-10k_Test_000018/00000085.jpg  used on input
 line 1313.
(pdftex.def)             Requested size: 103.63943pt x 58.29135pt.
<frames/GOT-10k_Test_000018/00000090.jpg, id=325, 1284.8pt x 722.7pt>
File: frames/GOT-10k_Test_000018/00000090.jpg Graphic file (type jpg)
<use frames/GOT-10k_Test_000018/00000090.jpg>
Package pdftex.def Info: frames/GOT-10k_Test_000018/00000090.jpg  used on input
 line 1313.
(pdftex.def)             Requested size: 103.63943pt x 58.29135pt.


[42

 <./frames/GOT-10k_Test_000030/00000005.jpg> <./frames/GOT-10k_Test_000030/0000
0010.jpg> <./frames/GOT-10k_Test_000030/00000015.jpg> <./frames/GOT-10k_Test_00
0030/00000020.jpg> <./frames/GOT-10k_Test_000030/00000025.jpg> <./frames/GOT-10
k_Test_000030/00000030.jpg> <./frames/GOT-10k_Test_000030/00000035.jpg> <./fram
es/GOT-10k_Test_000030/00000040.jpg> <./frames/GOT-10k_Test_000030/00000045.jpg
> <./frames/GOT-10k_Test_000030/00000050.jpg> <./frames/GOT-10k_Test_000030/000
00055.jpg> <./frames/GOT-10k_Test_000030/00000060.jpg> <./frames/GOT-10k_Test_0
00030/00000065.jpg> <./frames/GOT-10k_Test_000030/00000070.jpg> <./frames/GOT-1
0k_Test_000030/00000075.jpg> <./frames/GOT-10k_Test_000030/00000080.jpg> <./fra
mes/GOT-10k_Test_000030/00000085.jpg> <./frames/GOT-10k_Test_000030/00000090.jp
g> <./frames/GOT-10k_Test_000030/00000095.jpg> <./frames/GOT-10k_Test_000030/00
000100.jpg>]

[43 <./frames/GOT-10k_Test_000012/00000005.jpg> <./frames/GOT-10k_Test_000012/0
0000010.jpg> <./frames/GOT-10k_Test_000012/00000015.jpg> <./frames/GOT-10k_Test
_000012/00000020.jpg> <./frames/GOT-10k_Test_000012/00000025.jpg> <./frames/GOT
-10k_Test_000012/00000030.jpg> <./frames/GOT-10k_Test_000012/00000035.jpg> <./f
rames/GOT-10k_Test_000012/00000040.jpg> <./frames/GOT-10k_Test_000012/00000045.
jpg> <./frames/GOT-10k_Test_000012/00000050.jpg> <./frames/GOT-10k_Test_000012/
00000055.jpg> <./frames/GOT-10k_Test_000012/00000060.jpg> <./frames/GOT-10k_Tes
t_000012/00000065.jpg> <./frames/GOT-10k_Test_000012/00000070.jpg> <./frames/GO
T-10k_Test_000012/00000075.jpg> <./frames/GOT-10k_Test_000012/00000080.jpg> <./
frames/GOT-10k_Test_000018/00000005.jpg> <./frames/GOT-10k_Test_000018/00000010
.jpg> <./frames/GOT-10k_Test_000018/00000015.jpg> <./frames/GOT-10k_Test_000018
/00000020.jpg> <./frames/GOT-10k_Test_000018/00000025.jpg> <./frames/GOT-10k_Te
st_000018/00000030.jpg> <./frames/GOT-10k_Test_000018/00000035.jpg> <./frames/G
OT-10k_Test_000018/00000040.jpg> <./frames/GOT-10k_Test_000018/00000045.jpg> <.
/frames/GOT-10k_Test_000018/00000050.jpg> <./frames/GOT-10k_Test_000018/0000005
5.jpg> <./frames/GOT-10k_Test_000018/00000060.jpg> <./frames/GOT-10k_Test_00001
8/00000065.jpg> <./frames/GOT-10k_Test_000018/00000070.jpg> <./frames/GOT-10k_T
est_000018/00000075.jpg> <./frames/GOT-10k_Test_000018/00000080.jpg> <./frames/
GOT-10k_Test_000018/00000085.jpg> <./frames/GOT-10k_Test_000018/00000090.jpg>]

[44

]

[45]

[46


]

[47]

[48]

[49

]

[50]
Overfull \hbox (9.59882pt too wide) in paragraph at lines 1473--1474
[]\T1/stix2/b/n/12 Abbreviation  
 []


Package longtable Warning: Table widths have changed. Rerun LaTeX.



[51

] (memostrack_thesis.aux)
 ***********
LaTeX2e <2025-06-01> patch level 1
L3 programming layer <2025-07-20>
 ***********


 *File List*
     fer.cls    2026/05/25 FER3
  report.cls    2025/01/22 v1.4n Standard LaTeX document class
  size12.clo    2025/01/22 v1.4n Standard LaTeX file (size option)
 ltxcmds.sty    2023-12-04 v1.26 LaTeX kernel commands for general use (HO)
letltxmacro.sty    2019/12/03 v1.6 Let assignment for LaTeX macros (HO)
etoolbox.sty    2025/02/11 v2.5l e-TeX tools for LaTeX (JAW)
 fontenc.sty    2024/12/21 v2.1c Standard LaTeX package
inputenc.sty    2024/02/08 v1.3d Input encoding file
opensans.sty    2019/06/20 Style file for Open Sans.
fontaxes.sty    2026-01-02 v2.0.2 Font selection axes (deprecated)
figureversions.sty    2025-04-29 v1.0.1 Figure versions
ifluatex.sty    2019/10/25 v1.5 ifluatex legacy package. Use iftex instead.
   iftex.sty    2024/12/12 v1.0g TeX engine tests
 ifxetex.sty    2019/10/25 v0.7 ifxetex legacy package. Use iftex instead.
 xkeyval.sty    2022/06/16 v2.9 package option processing (HA)
 xkeyval.tex    2014/12/03 v2.7a key=value parser (HA)
   stix2.sty    2021/01/14 v2.0.2-latex STIX Two fonts support package
textcomp.sty    2024/04/24 v2.1b Standard LaTeX package
glyphtounicode.tex
   babel.sty    2025/08/03 v25.12 The multilingual framework for LuaLaTeX, pdfL
aTeX and XeLaTeX
 bblopts.cfg    2005/09/08 v0.1 add Arabic and Farsi to "declared" options of b
abel
croatian.ldf    2014/03/31 v1.3m Croatian support from the babel system
babel-croatian.tex
 english.ldf    2017/06/06 v3.3r English support from the babel system
babel-english.tex
geometry.sty    2026/03/07 v6.0 Page Geometry
  ifvtex.sty    2019/10/25 v1.7 ifvtex legacy package. Use iftex instead.
geometry.cfg
setspace.sty    2022/12/04 v6.7b set line spacing
 parskip.sty    2021-03-14 v2.0h non-zero parskip adjustments
kvoptions.sty    2022-06-15 v3.15 Key value format for package options (HO)
kvsetkeys.sty    2022-10-05 v1.19 Key value parser (HO)
pdfpages.sty    2026/03/30 v0.6h Insert pages of external PDF documents (AM)
  ifthen.sty    2024/03/16 v1.1e Standard LaTeX ifthen package (DPC)
    calc.sty    2025/03/01 v4.3b Infix arithmetic (KKT,FJ)
 eso-pic.sty    2025/12/10 v3.0d eso-pic (RN)
  xcolor.sty    2024/09/29 v3.02 LaTeX color extensions (UK)
   color.cfg    2016/01/02 v1.6 sample color configuration
  pdftex.def    2024/04/13 v1.2c Graphics/color driver for pdftex
mathcolor.ltx
graphicx.sty    2024/12/31 v1.2e Enhanced LaTeX Graphics (DPC,SPQR)
graphics.sty    2024/08/06 v1.4g Standard LaTeX Graphics (DPC,SPQR)
    trig.sty    2023/12/02 v1.11 sin cos tan (DPC)
graphics.cfg    2016/06/04 v1.11 sample graphics configuration
pppdftex.def    2026/03/30 v0.6h Pdfpages driver for pdfTeX (AM)
 caption.sty    2023/08/05 v3.6o Customizing captions (AR)
caption3.sty    2023/07/31 v2.4d caption3 kernel (AR)
 amssymb.sty    2013/01/14 v3.01 AMS font symbols
amsfonts.sty    2013/01/14 v3.01 Basic AMSFonts support
 amsmath.sty    2025/06/16 v2.17y AMS math features
 amstext.sty    2024/11/17 v2.01 AMS text
  amsgen.sty    1999/11/30 v2.0 generic functions
  amsbsy.sty    1999/11/29 v1.2d Bold Symbols
  amsopn.sty    2022/04/08 v2.04 operator names
tocbibind.sty    2026/06/01 v1.5l extra ToC listings
hyperref.sty    2025-07-12 v7.01o Hypertext links for LaTeX
kvdefinekeys.sty    2019-12-19 v1.6 Define keys (HO)
pdfescape.sty    2019/12/09 v1.15 Implements pdfTeX's escape features (HO)
pdftexcmds.sty    2020-06-27 v0.33 Utility functions of pdfTeX for LuaTeX (HO)
infwarerr.sty    2019/12/03 v1.5 Providing info/warning/error messages (HO)
 hycolor.sty    2020-01-27 v1.10 Color options for hyperref/bookmark (HO)
 nameref.sty    2025-06-21 v2.57 Cross-referencing by name of section
refcount.sty    2019/12/15 v3.6 Data extraction from label references (HO)
gettitlestring.sty    2019/12/15 v1.6 Cleanup title references (HO)
stringenc.sty    2019/11/29 v1.12 Convert strings between diff. encodings (HO)
  pd1enc.def    2025-07-12 v7.01o Hyperref: PDFDocEncoding definition (HO)
 intcalc.sty    2019/12/15 v1.3 Expandable calculations with integers (HO)
   puenc.def    2025-07-12 v7.01o Hyperref: PDF Unicode definition (HO)
     url.sty    2013/09/16  ver 3.4  Verb mode for urls, etc.
  bitset.sty    2019/12/09 v1.3 Handle bit-vector datatype (HO)
bigintcalc.sty    2019/12/15 v1.5 Expandable calculations on big integers (HO)
 hpdftex.def    2025-07-12 v7.01o Hyperref driver for pdfTeX
rerunfilecheck.sty    2025-06-21 v1.11 Rerun checks for auxiliary files (HO)
uniquecounter.sty    2019/12/15 v1.4 Provide unlimited unique counter (HO)
booktabs.sty    2020/01/12 v1.61803398 Publication quality tables
longtable.sty    2024-12-18 v4.23 Multi-page Table package (DPC)
   array.sty    2025/06/08 v2.6j Tabular extension package (FMi)
multirow.sty    2024/11/12 v2.9 Span multiple rows of a table
footnotehyper.sty    2025/11/15 v1.1f hyperref aware footnote.sty (JFB)
   float.sty    2001/11/08 v1.3d Float enhancements (AL)
placeins.sty    2005/04/18  v 2.2
makecell.sty    2009/08/03 V0.1e Managing of Tab Column Heads and Cells
tabularx.sty    2023/12/11 v2.12a `tabularx' package (DPC)
adjustbox.sty    2025/02/26 v1.3c Adjusting TeX boxes (trim, clip, ...)
 adjcalc.sty    2012/05/16 v1.1 Provides advanced setlength with multiple back-
ends (calc, etex, pgfmath)
trimclip.sty    2025/02/21 v1.2a Trim and clip general TeX material
collectbox.sty    2022/10/17 v0.4c Collect macro arguments as boxes
tc-pdftex.def    2025/02/26 v2.3 Clipping driver for pdftex
ifoddpage.sty    2022/10/18 v1.2 Conditionals for odd/even page detection
varwidth.sty    2009/03/30 ver 0.92;  Variable-width minipages
ragged2e.sty    2023/06/22 v3.6 ragged2e Package
 fvextra.sty    2026/02/25 v1.14.0 fvextra - extensions and patches for fancyvr
b
fancyvrb.sty    2026/04/16 4.6a verbatim text (tvz,hv)
 upquote.sty    2012/04/19 v1.3 upright-quote and grave-accent glyphs in verbat
im
  lineno.sty    2026/03/08 line numbers on paragraphs v5.9
microtype.sty    2025/07/09 v3.2b Micro-typographical refinements (RS)
microtype-pdftex.def    2025/07/09 v3.2b Definitions specific to pdftex (RS)
microtype.cfg    2025/07/09 v3.2b microtype main configuration file (RS)
    xurl.sty    2022/01/09 v 0.10 modify URL breaks
    pdfx.sty    2024/06/24 v1.6.5f PDF/X and PDF/A support (CVR/HTH/RRM/PS)
   ifpdf.sty    2019/10/25 v3.4 ifpdf legacy package. Use iftex instead.
everyshi.sty    2020/11/18 v4.00 EveryShipout Package
l8u-penc.def    2017/06/23 v0.8 Custom LaTeX file, for UTF8 encoded letters and
 symbols
psdextra.def    2025-07-12 v7.01o Hyperref: Additions to PDF string support
colorprofiles.sty    2018/11/01 v1.0.1 color profiles for PDF/X and PDF/A suppo
rt
colorprofiles.tex
AdobeColorProfiles.tex
    8bit.def    2008/03/30 v1.1d Input encoding file
    8bit.def    2008/03/30 v1.1d Input encoding file
 xmpincl.sty    2021/09/22 v2.4 Include XMP data in pdflatex
    8bit.def    2008/03/30 v1.1d Input encoding file
    utf8.def    2022/06/07 v1.3c UTF-8 support
  omsenc.dfu    2022/06/07 v1.3c UTF-8 support
  ot1enc.dfu    2022/06/07 v1.3c UTF-8 support
   t1enc.dfu    2022/06/07 v1.3c UTF-8 support
  ts1enc.dfu    2022/06/07 v1.3c UTF-8 support
 t1stix2.fd    2018/04/02 v2.0.0-latex stix2 T1 font definitions
l3backend-pdftex.def    2025-06-09 L3 backend support: PDF output (pdfTeX)
ls1stix2.fd    2018/04/02 v2.0.0-latex stix2 LS1 font definitions
ls2stix2.fd    2018/04/02 v2.0.0-latex stix2 LS2 font definitions
supp-pdf.mkii
epstopdf-base.sty    2020-01-24 v2.11 Base part for package epstopdf
epstopdf-sys.cfg    2021/03/18 v2.0 Configuration of epstopdf for MiKTeX
pdflscape.sty    2022-10-27 v0.13 Display of landscape pages in PDF
pdflscape-nometadata.sty    2022-10-28 v0.13 Display of landscape pages in PDF 
(HO)
  lscape.sty    2020/05/28 v3.02 Landscape Pages (DPC)
ltcaption.sty    2021/01/08 v1.4c longtable captions (AR)
  mt-ptm.cfg    2006/04/20 v1.7 microtype config. file: Times (RS)
t1opensans-tlf.fd
ts1stix2.fd    2018/04/02 v2.0.0-latex stix2 TS1 font definitions
ls1stix2scr.fd    2018/04/02 v2.0.0-latex stix2 script LS1 font definitions
ls2stix2ex.fd    2018/04/02 v2.0.0-latex stix2 extentions LS2 font definitions
ls1stix2frak.fd    2018/04/02 v2.0.0-latex stix2 fraktur LS1 font definitions
ls1stix2bb.fd    2018/04/02 v2.0.0-latex stix2 blackboard LS1 font definitions
ls2stix2cal.fd    2018/04/02 v2.0.0-latex stix2 calligraphic LS2 font definitio
ns
ls1stix2sf.fd    2018/04/02 v2.0.0-latex stix2 sans-serif LS1 font definitions
ls2stix2tt.fd    2018/04/02 v2.0.0-latex stix2 typewriter LS2 font definitions
    umsa.fd    2013/01/14 v3.01 AMS symbols A
  mt-msa.cfg    2006/02/04 v1.1 microtype config. file: AMS symbols (a) (RS)
    umsb.fd    2013/01/14 v3.01 AMS symbols B
  mt-msb.cfg    2005/06/01 v1.0 microtype config. file: AMS symbols (b) (RS)
vit_example.png    Graphic file (type png)
memostrack_backbone_layers_no-gru.png    Graphic file (type png)
memostrack_backbone_layers-gru.png    Graphic file (type png)
ostrack-vitb_256_mae_ce_32x4_got10k_ep100_train_epoch_metrics.png    Graphic fi
le (type png)
ostrack-vitb_256_mae_ce_32x4_got10k_ep100_val_test_epoch_metrics.png    Graphic
 file (type png)
frames/GOT-10k_Test_000030/00000005.jpg
frames/GOT-10k_Test_000030/00000010.jpg
frames/GOT-10k_Test_000030/00000015.jpg
frames/GOT-10k_Test_000030/00000020.jpg
frames/GOT-10k_Test_000030/00000025.jpg
frames/GOT-10k_Test_000030/00000030.jpg
frames/GOT-10k_Test_000030/00000035.jpg
frames/GOT-10k_Test_000030/00000040.jpg
frames/GOT-10k_Test_000030/00000045.jpg
frames/GOT-10k_Test_000030/00000050.jpg
frames/GOT-10k_Test_000030/00000055.jpg
frames/GOT-10k_Test_000030/00000060.jpg
frames/GOT-10k_Test_000030/00000065.jpg
frames/GOT-10k_Test_000030/00000070.jpg
frames/GOT-10k_Test_000030/00000075.jpg
frames/GOT-10k_Test_000030/00000080.jpg
frames/GOT-10k_Test_000030/00000085.jpg
frames/GOT-10k_Test_000030/00000090.jpg
frames/GOT-10k_Test_000030/00000095.jpg
frames/GOT-10k_Test_000030/00000100.jpg
frames/GOT-10k_Test_000012/00000005.jpg
frames/GOT-10k_Test_000012/00000010.jpg
frames/GOT-10k_Test_000012/00000015.jpg
frames/GOT-10k_Test_000012/00000020.jpg
frames/GOT-10k_Test_000012/00000025.jpg
frames/GOT-10k_Test_000012/00000030.jpg
frames/GOT-10k_Test_000012/00000035.jpg
frames/GOT-10k_Test_000012/00000040.jpg
frames/GOT-10k_Test_000012/00000045.jpg
frames/GOT-10k_Test_000012/00000050.jpg
frames/GOT-10k_Test_000012/00000055.jpg
frames/GOT-10k_Test_000012/00000060.jpg
frames/GOT-10k_Test_000012/00000065.jpg
frames/GOT-10k_Test_000012/00000070.jpg
frames/GOT-10k_Test_000012/00000075.jpg
frames/GOT-10k_Test_000012/00000080.jpg
frames/GOT-10k_Test_000018/00000005.jpg
frames/GOT-10k_Test_000018/00000010.jpg
frames/GOT-10k_Test_000018/00000015.jpg
frames/GOT-10k_Test_000018/00000020.jpg
frames/GOT-10k_Test_000018/00000025.jpg
frames/GOT-10k_Test_000018/00000030.jpg
frames/GOT-10k_Test_000018/00000035.jpg
frames/GOT-10k_Test_000018/00000040.jpg
frames/GOT-10k_Test_000018/00000045.jpg
frames/GOT-10k_Test_000018/00000050.jpg
frames/GOT-10k_Test_000018/00000055.jpg
frames/GOT-10k_Test_000018/00000060.jpg
frames/GOT-10k_Test_000018/00000065.jpg
frames/GOT-10k_Test_000018/00000070.jpg
frames/GOT-10k_Test_000018/00000075.jpg
frames/GOT-10k_Test_000018/00000080.jpg
frames/GOT-10k_Test_000018/00000085.jpg
frames/GOT-10k_Test_000018/00000090.jpg
 ***********


LaTeX Warning: There were undefined references.


LaTeX Warning: Label(s) may have changed. Rerun to get cross-references right.


Package rerunfilecheck Warning: File `memostrack_thesis.out' has changed.
(rerunfilecheck)                Rerun to get outlines right
(rerunfilecheck)                or use package `bookmark'.

Package rerunfilecheck Info: Checksums for `memostrack_thesis.out':
(rerunfilecheck)             Before: <no file>
(rerunfilecheck)             After:  635D84DCAD1CD0C938234C0395CFC1A1;7130.
 ) 
Here is how much of TeX's memory you used:
 26746 strings out of 468133
 440223 string characters out of 5431204
 831684 words of memory out of 5000000
 54764 multiletter control sequences out of 15000+600000
 734339 words of font info for 129 fonts, out of 8000000 for 9000
 1141 hyphenation exceptions out of 8191
 87i,16n,131p,1286b,2581s stack positions out of 10000i,1000n,20000p,200000b,200000s
 <C:\Users\User\AppData\Local\MiKTeX\fonts/pk/ljfour/jknappen/ec/dpi600\ectt1
200.pk> <C:\Users\User\AppData\Local\MiKTeX\fonts/pk/ljfour/jknappen/ec/dpi600\
ectt1000.pk><C:/Program Files/MiKTeX/fonts/type1/ascender/opensans/OpenSans-Bol
d.pfb><C:/Program Files/MiKTeX/fonts/type1/public/stix2-type1/STIX2Math.pfb><C:
/Program Files/MiKTeX/fonts/type1/public/stix2-type1/STIX2Text-Bold.pfb><C:/Pro
gram Files/MiKTeX/fonts/type1/public/stix2-type1/STIX2Text-Italic.pfb><C:/Progr
am Files/MiKTeX/fonts/type1/public/stix2-type1/STIX2Text-Regular.pfb>
Output written on memostrack_thesis.pdf (52 pages, 7126941 bytes).
PDF statistics:
 530 PDF objects out of 1000 (max. 8388607)
 154 named destinations out of 1000 (max. 500000)
 7988 words of extra memory for PDF output out of 10000 (max. 10000000)

